DAY,DATE,VISITOR,HOME
Tue.,2016-10-25,NY,CLE
Tue.,2016-10-25,UTA,POR
Tue.,2016-10-25,SA,GS
Wed.,2016-10-26,MIA,ORL
Wed.,2016-10-26,DAL,IND
Wed.,2016-10-26,BKN,BOS
Wed.,2016-10-26,DET,TOR
Wed.,2016-10-26,CHA,MIL
Wed.,2016-10-26,MIN,MEM
Wed.,2016-10-26,DEN,NO
Wed.,2016-10-26,OKC,PHI
Wed.,2016-10-26,SAC,PHO
Wed.,2016-10-26,HOU,LAL
Thu.,2016-10-27,WAS,ATL
Thu.,2016-10-27,BOS,CHI
Thu.,2016-10-27,SA,SAC
Thu.,2016-10-27,LAC,POR
Fri.,2016-10-28,CLE,TOR
Fri.,2016-10-28,IND,BKN
Fri.,2016-10-28,ORL,DET
Fri.,2016-10-28,PHO,OKC
Fri.,2016-10-28,CHA,MIA
Fri.,2016-10-28,HOU,DAL
Fri.,2016-10-28,LAL,UTA
Fri.,2016-10-28,GS,NO
Sat.,2016-10-29,ATL,PHI
Sat.,2016-10-29,BOS,CHA
Sat.,2016-10-29,MEM,NY
Sat.,2016-10-29,ORL,CLE
Sat.,2016-10-29,IND,CHI
Sat.,2016-10-29,BKN,MIL
Sat.,2016-10-29,NO,SA
Sat.,2016-10-29,POR,DEN
Sat.,2016-10-29,MIN,SAC
Sun.,2016-10-30,UTA,LAC
Sun.,2016-10-30,GS,PHO
Sun.,2016-10-30,SA,MIA
Sun.,2016-10-30,MIL,DET
Sun.,2016-10-30,WAS,MEM
Sun.,2016-10-30,LAL,OKC
Sun.,2016-10-30,DAL,HOU
Mon.,2016-10-31,DEN,TOR
Mon.,2016-10-31,CHI,BKN
Mon.,2016-10-31,SAC,ATL
Mon.,2016-10-31,PHO,LAC
Tue.,2016-11-01,ORL,PHI
Tue.,2016-11-01,HOU,CLE
Tue.,2016-11-01,LAL,IND
Tue.,2016-11-01,SAC,MIA
Tue.,2016-11-01,NY,DET
Tue.,2016-11-01,MIL,NO
Tue.,2016-11-01,MEM,MIN
Tue.,2016-11-01,UTA,SA
Tue.,2016-11-01,GS,POR
Wed.,2016-11-02,TOR,WAS
Wed.,2016-11-02,PHI,CHA
Wed.,2016-11-02,DET,BKN
Wed.,2016-11-02,HOU,NY
Wed.,2016-11-02,LAL,ATL
Wed.,2016-11-02,NO,MEM
Wed.,2016-11-02,CHI,BOS
Wed.,2016-11-02,DAL,UTA
Wed.,2016-11-02,POR,PHO
Wed.,2016-11-02,OKC,LAC
Thu.,2016-11-03,SAC,ORL
Thu.,2016-11-03,IND,MIL
Thu.,2016-11-03,DEN,MIN
Thu.,2016-11-03,BOS,CLE
Thu.,2016-11-03,OKC,GS
Fri.,2016-11-04,ATL,WAS
Fri.,2016-11-04,MIA,TOR
Fri.,2016-11-04,CHA,BKN
Fri.,2016-11-04,NY,CHI
Fri.,2016-11-04,LAC,MEM
Fri.,2016-11-04,PHO,NO
Fri.,2016-11-04,POR,DAL
Fri.,2016-11-04,SA,UTA
Fri.,2016-11-04,GS,LAL
Sat.,2016-11-05,MIN,OKC
Sat.,2016-11-05,CLE,PHI
Sat.,2016-11-05,WAS,ORL
Sat.,2016-11-05,DEN,DET
Sat.,2016-11-05,CHI,IND
Sat.,2016-11-05,HOU,ATL
Sat.,2016-11-05,SAC,MIL
Sat.,2016-11-05,LAC,SA
Sun.,2016-11-06,UTA,NY
Sun.,2016-11-06,POR,MEM
Sun.,2016-11-06,SAC,TOR
Sun.,2016-11-06,MIL,DAL
Sun.,2016-11-06,DEN,BOS
Sun.,2016-11-06,PHO,LAL
Mon.,2016-11-07,UTA,PHI
Mon.,2016-11-07,HOU,WAS
Mon.,2016-11-07,IND,CHA
Mon.,2016-11-07,ORL,CHI
Mon.,2016-11-07,MIA,OKC
Mon.,2016-11-07,DET,LAC
Mon.,2016-11-07,NO,GS
Tue.,2016-11-08,ATL,CLE
Tue.,2016-11-08,MIN,BKN
Tue.,2016-11-08,DEN,MEM
Tue.,2016-11-08,PHO,POR
Tue.,2016-11-08,DAL,LAL
Tue.,2016-11-08,NO,SAC
Wed.,2016-11-09,BKN,NY
Wed.,2016-11-09,BOS,WAS
Wed.,2016-11-09,UTA,CHA
Wed.,2016-11-09,MIN,ORL
Wed.,2016-11-09,PHI,IND
Wed.,2016-11-09,CHI,ATL
Wed.,2016-11-09,TOR,OKC
Wed.,2016-11-09,DET,PHO
Wed.,2016-11-09,HOU,SA
Wed.,2016-11-09,POR,LAC
Wed.,2016-11-09,DAL,GS
Thu.,2016-11-10,NO,MIL
Thu.,2016-11-10,CHI,MIA
Thu.,2016-11-10,GS,DEN
Thu.,2016-11-10,LAL,SAC
Fri.,2016-11-11,IND,PHI
Fri.,2016-11-11,CLE,WAS
Fri.,2016-11-11,TOR,CHA
Fri.,2016-11-11,UTA,ORL
Fri.,2016-11-11,NY,BOS
Fri.,2016-11-11,LAC,OKC
Fri.,2016-11-11,DET,SA
Fri.,2016-11-11,SAC,POR
Sat.,2016-11-12,LAL,NO
Sat.,2016-11-12,BOS,IND
Sat.,2016-11-12,NY,TOR
Sat.,2016-11-12,PHI,ATL
Sat.,2016-11-12,WAS,CHI
Sat.,2016-11-12,SA,HOU
Sat.,2016-11-12,LAC,MIN
Sat.,2016-11-12,UTA,MIA
Sat.,2016-11-12,MEM,MIL
Sat.,2016-11-12,DET,DEN
Sat.,2016-11-12,BKN,PHO
Sun.,2016-11-13,CHA,CLE
Sun.,2016-11-13,ORL,OKC
Sun.,2016-11-13,LAL,MIN
Sun.,2016-11-13,PHO,GS
Sun.,2016-11-13,DEN,POR
Mon.,2016-11-14,ORL,IND
Mon.,2016-11-14,DAL,NY
Mon.,2016-11-14,OKC,DET
Mon.,2016-11-14,BOS,NO
Mon.,2016-11-14,PHI,HOU
Mon.,2016-11-14,MIA,SA
Mon.,2016-11-14,MEM,UTA
Mon.,2016-11-14,BKN,LAC
Tue.,2016-11-15,TOR,CLE
Tue.,2016-11-15,ATL,MIA
Tue.,2016-11-15,CHA,MIN
Tue.,2016-11-15,CHI,POR
Tue.,2016-11-15,BKN,LAL
Wed.,2016-11-16,WAS,PHI
Wed.,2016-11-16,NO,ORL
Wed.,2016-11-16,CLE,IND
Wed.,2016-11-16,DAL,BOS
Wed.,2016-11-16,DET,NY
Wed.,2016-11-16,MIL,ATL
Wed.,2016-11-16,HOU,OKC
Wed.,2016-11-16,GS,TOR
Wed.,2016-11-16,PHO,DEN
Wed.,2016-11-16,MEM,LAC
Wed.,2016-11-16,SA,SAC
Thu.,2016-11-17,NY,WAS
Thu.,2016-11-17,MIL,MIA
Thu.,2016-11-17,POR,HOU
Thu.,2016-11-17,PHI,MIN
Thu.,2016-11-17,CHI,UTA
Fri.,2016-11-18,ATL,CHA
Fri.,2016-11-18,DET,CLE
Fri.,2016-11-18,PHO,IND
Fri.,2016-11-18,POR,NO
Fri.,2016-11-18,BKN,OKC
Fri.,2016-11-18,GS,BOS
Fri.,2016-11-18,MEM,DAL
Fri.,2016-11-18,TOR,DEN
Fri.,2016-11-18,SA,LAL
Fri.,2016-11-18,LAC,SAC
Sat.,2016-11-19,UTA,HOU
Sat.,2016-11-19,CHA,NO
Sat.,2016-11-19,MIA,WAS
Sat.,2016-11-19,DAL,ORL
Sat.,2016-11-19,BOS,DET
Sat.,2016-11-19,PHO,PHI
Sat.,2016-11-19,MIN,MEM
Sat.,2016-11-19,GS,MIL
Sat.,2016-11-19,CHI,LAC
Sun.,2016-11-20,ATL,NY
Sun.,2016-11-20,POR,BKN
Sun.,2016-11-20,IND,OKC
Sun.,2016-11-20,TOR,SAC
Sun.,2016-11-20,UTA,DEN
Sun.,2016-11-20,CHI,LAL
Mon.,2016-11-21,MIA,PHI
Mon.,2016-11-21,PHO,WAS
Mon.,2016-11-21,MEM,CHA
Mon.,2016-11-21,GS,IND
Mon.,2016-11-21,HOU,DET
Mon.,2016-11-21,ORL,MIL
Mon.,2016-11-21,BOS,MIN
Mon.,2016-11-21,DAL,SA
Mon.,2016-11-21,TOR,LAC
Tue.,2016-11-22,POR,NY
Tue.,2016-11-22,NO,ATL
Tue.,2016-11-22,CHI,DEN
Tue.,2016-11-22,OKC,LAL
Wed.,2016-11-23,MEM,PHI
Wed.,2016-11-23,SA,CHA
Wed.,2016-11-23,PHO,ORL
Wed.,2016-11-23,POR,CLE
Wed.,2016-11-23,ATL,IND
Wed.,2016-11-23,BOS,BKN
Wed.,2016-11-23,MIA,DET
Wed.,2016-11-23,TOR,HOU
Wed.,2016-11-23,LAC,DAL
Wed.,2016-11-23,DEN,UTA
Wed.,2016-11-23,MIN,NO
Wed.,2016-11-23,LAL,GS
Wed.,2016-11-23,OKC,SAC
Fri.,2016-11-25,SA,BOS
Fri.,2016-11-25,WAS,ORL
Fri.,2016-11-25,DAL,CLE
Fri.,2016-11-25,CHA,NY
Fri.,2016-11-25,CHI,PHI
Fri.,2016-11-25,LAC,DET
Fri.,2016-11-25,ATL,UTA
Fri.,2016-11-25,TOR,MIL
Fri.,2016-11-25,MIA,MEM
Fri.,2016-11-25,BKN,IND
Fri.,2016-11-25,OKC,DEN
Fri.,2016-11-25,MIN,PHO
Fri.,2016-11-25,NO,POR
Fri.,2016-11-25,GS,LAL
Fri.,2016-11-25,HOU,SAC
Sat.,2016-11-26,SA,WAS
Sat.,2016-11-26,NY,CHA
Sat.,2016-11-26,DET,OKC
Sat.,2016-11-26,MEM,MIA
Sat.,2016-11-26,MIN,GS
Sun.,2016-11-27,CLE,PHI
Sun.,2016-11-27,DEN,PHO
Sun.,2016-11-27,SAC,BKN
Sun.,2016-11-27,MIL,ORL
Sun.,2016-11-27,LAC,IND
Sun.,2016-11-27,NO,DAL
Sun.,2016-11-27,HOU,POR
Sun.,2016-11-27,ATL,LAL
Mon.,2016-11-28,SAC,WAS
Mon.,2016-11-28,PHI,TOR
Mon.,2016-11-28,OKC,NY
Mon.,2016-11-28,BOS,MIA
Mon.,2016-11-28,CHA,MEM
Mon.,2016-11-28,UTA,MIN
Mon.,2016-11-28,ATL,GS
Tue.,2016-11-29,DET,CHA
Tue.,2016-11-29,LAC,BKN
Tue.,2016-11-29,CLE,MIL
Tue.,2016-11-29,LAL,NO
Tue.,2016-11-29,ORL,SA
Tue.,2016-11-29,HOU,UTA
Wed.,2016-11-30,SAC,PHI
Wed.,2016-11-30,DET,BOS
Wed.,2016-11-30,MEM,TOR
Wed.,2016-11-30,LAL,CHI
Wed.,2016-11-30,WAS,OKC
Wed.,2016-11-30,NY,MIN
Wed.,2016-11-30,SA,DAL
Wed.,2016-11-30,MIA,DEN
Wed.,2016-11-30,ATL,PHO
Wed.,2016-11-30,IND,POR
Thu.,2016-12-01,DAL,CHA
Thu.,2016-12-01,MIL,BKN
Thu.,2016-12-01,ORL,MEM
Thu.,2016-12-01,LAC,CLE
Thu.,2016-12-01,MIA,UTA
Thu.,2016-12-01,HOU,GS
Fri.,2016-12-02,ORL,PHI
Fri.,2016-12-02,SAC,BOS
Fri.,2016-12-02,LAL,TOR
Fri.,2016-12-02,MIN,NY
Fri.,2016-12-02,CLE,CHI
Fri.,2016-12-02,LAC,NO
Fri.,2016-12-02,DET,ATL
Fri.,2016-12-02,WAS,SA
Fri.,2016-12-02,HOU,DEN
Sat.,2016-12-03,BKN,MIL
Sat.,2016-12-03,MIN,CHA
Sat.,2016-12-03,ATL,TOR
Sat.,2016-12-03,BOS,PHI
Sat.,2016-12-03,LAL,MEM
Sat.,2016-12-03,CHI,DAL
Sat.,2016-12-03,DEN,UTA
Sat.,2016-12-03,MIA,POR
Sat.,2016-12-03,PHO,GS
Sun.,2016-12-04,ORL,DET
Sun.,2016-12-04,NO,OKC
Sun.,2016-12-04,SAC,NY
Sun.,2016-12-04,IND,LAC
Mon.,2016-12-05,DEN,PHI
Mon.,2016-12-05,CLE,TOR
Mon.,2016-12-05,WAS,BKN
Mon.,2016-12-05,OKC,ATL
Mon.,2016-12-05,POR,CHI
Mon.,2016-12-05,SA,MIL
Mon.,2016-12-05,MEM,NO
Mon.,2016-12-05,BOS,HOU
Mon.,2016-12-05,CHA,DAL
Mon.,2016-12-05,UTA,LAL
Mon.,2016-12-05,IND,GS
Tue.,2016-12-06,ORL,WAS
Tue.,2016-12-06,NY,MIA
Tue.,2016-12-06,CHI,DET
Tue.,2016-12-06,PHI,MEM
Tue.,2016-12-06,SA,MIN
Tue.,2016-12-06,PHO,UTA
Wed.,2016-12-07,DET,CHA
Wed.,2016-12-07,BOS,ORL
Wed.,2016-12-07,DEN,BKN
Wed.,2016-12-07,MIA,ATL
Wed.,2016-12-07,POR,MIL
Wed.,2016-12-07,LAL,HOU
Wed.,2016-12-07,CLE,NY
Wed.,2016-12-07,SAC,DAL
Wed.,2016-12-07,IND,PHO
Wed.,2016-12-07,GS,LAC
Thu.,2016-12-08,MIN,TOR
Thu.,2016-12-08,DEN,WAS
Thu.,2016-12-08,POR,MEM
Thu.,2016-12-08,PHI,NO
Thu.,2016-12-08,GS,UTA
Thu.,2016-12-08,SA,CHI
Fri.,2016-12-09,ORL,CHA
Fri.,2016-12-09,MIA,CLE
Fri.,2016-12-09,TOR,BOS
Fri.,2016-12-09,ATL,MIL
Fri.,2016-12-09,HOU,OKC
Fri.,2016-12-09,DET,MIN
Fri.,2016-12-09,IND,DAL
Fri.,2016-12-09,PHO,LAL
Fri.,2016-12-09,NY,SAC
Sat.,2016-12-10,MIL,WAS
Sat.,2016-12-10,DEN,ORL
Sat.,2016-12-10,POR,IND
Sat.,2016-12-10,CHA,CLE
Sat.,2016-12-10,MIA,CHI
Sat.,2016-12-10,GS,MEM
Sat.,2016-12-10,DAL,HOU
Sat.,2016-12-10,BKN,SA
Sat.,2016-12-10,SAC,UTA
Sat.,2016-12-10,NO,LAC
Sun.,2016-12-11,PHI,DET
Sun.,2016-12-11,BOS,OKC
Sun.,2016-12-11,GS,MIN
Sun.,2016-12-11,NO,PHO
Sun.,2016-12-11,NY,LAL
Mon.,2016-12-12,CHA,IND
Mon.,2016-12-12,MIL,TOR
Mon.,2016-12-12,WAS,MIA
Mon.,2016-12-12,BKN,HOU
Mon.,2016-12-12,DEN,DAL
Mon.,2016-12-12,POR,LAC
Mon.,2016-12-12,LAL,SAC
Tue.,2016-12-13,MEM,CLE
Tue.,2016-12-13,ORL,ATL
Tue.,2016-12-13,MIN,CHI
Tue.,2016-12-13,GS,NO
Tue.,2016-12-13,NY,PHO
Tue.,2016-12-13,OKC,POR
Wed.,2016-12-14,TOR,PHI
Wed.,2016-12-14,CHA,WAS
Wed.,2016-12-14,LAC,ORL
Wed.,2016-12-14,IND,MIA
Wed.,2016-12-14,LAL,BKN
Wed.,2016-12-14,CLE,MEM
Wed.,2016-12-14,SAC,HOU
Wed.,2016-12-14,DET,DAL
Wed.,2016-12-14,OKC,UTA
Wed.,2016-12-14,BOS,SA
Thu.,2016-12-15,CHI,MIL
Thu.,2016-12-15,IND,NO
Thu.,2016-12-15,POR,DEN
Thu.,2016-12-15,SA,PHO
Thu.,2016-12-15,NY,GS
Fri.,2016-12-16,DET,WAS
Fri.,2016-12-16,BKN,ORL
Fri.,2016-12-16,CHA,BOS
Fri.,2016-12-16,ATL,TOR
Fri.,2016-12-16,MIL,CHI
Fri.,2016-12-16,SAC,MEM
Fri.,2016-12-16,NO,HOU
Fri.,2016-12-16,LAL,PHI
Fri.,2016-12-16,LAC,MIA
Fri.,2016-12-16,DAL,UTA
Sat.,2016-12-17,PHO,OKC
Sat.,2016-12-17,IND,DET
Sat.,2016-12-17,CHA,ATL
Sat.,2016-12-17,LAL,CLE
Sat.,2016-12-17,HOU,MIN
Sat.,2016-12-17,NY,DEN
Sat.,2016-12-17,POR,GS
Sun.,2016-12-18,LAC,WAS
Sun.,2016-12-18,UTA,MEM
Sun.,2016-12-18,BKN,PHI
Sun.,2016-12-18,TOR,ORL
Sun.,2016-12-18,BOS,MIA
Sun.,2016-12-18,SAC,DAL
Sun.,2016-12-18,NO,SA
Mon.,2016-12-19,WAS,IND
Mon.,2016-12-19,DET,CHI
Mon.,2016-12-19,ATL,OKC
Mon.,2016-12-19,PHO,MIN
Mon.,2016-12-19,DAL,DEN
Tue.,2016-12-20,NO,PHI
Tue.,2016-12-20,LAL,CHA
Tue.,2016-12-20,BKN,TOR
Tue.,2016-12-20,IND,NY
Tue.,2016-12-20,ORL,MIA
Tue.,2016-12-20,CLE,MIL
Tue.,2016-12-20,BOS,MEM
Tue.,2016-12-20,SA,HOU
Tue.,2016-12-20,DEN,LAC
Tue.,2016-12-20,UTA,GS
Tue.,2016-12-20,POR,SAC
Wed.,2016-12-21,MIL,CLE
Wed.,2016-12-21,MIN,ATL
Wed.,2016-12-21,MEM,DET
Wed.,2016-12-21,WAS,CHI
Wed.,2016-12-21,OKC,NO
Wed.,2016-12-21,SAC,UTA
Wed.,2016-12-21,HOU,PHO
Wed.,2016-12-21,DAL,POR
Thu.,2016-12-22,GS,BKN
Thu.,2016-12-22,ORL,NY
Thu.,2016-12-22,LAL,MIA
Thu.,2016-12-22,BOS,IND
Thu.,2016-12-22,SA,LAC
Fri.,2016-12-23,CHI,CHA
Fri.,2016-12-23,LAL,ORL
Fri.,2016-12-23,BKN,CLE
Fri.,2016-12-23,OKC,BOS
Fri.,2016-12-23,GS,DET
Fri.,2016-12-23,WAS,MIL
Fri.,2016-12-23,HOU,MEM
Fri.,2016-12-23,MIA,NO
Fri.,2016-12-23,SAC,MIN
Fri.,2016-12-23,ATL,DEN
Fri.,2016-12-23,TOR,UTA
Fri.,2016-12-23,PHI,PHO
Fri.,2016-12-23,SA,POR
Fri.,2016-12-23,DAL,LAC
Sun.,2016-12-25,BOS,NY
Sun.,2016-12-25,GS,CLE
Sun.,2016-12-25,CHI,SA
Sun.,2016-12-25,MIN,OKC
Sun.,2016-12-25,LAC,LAL
Mon.,2016-12-26,MIL,WAS
Mon.,2016-12-26,MEM,ORL
Mon.,2016-12-26,CHA,BKN
Mon.,2016-12-26,CLE,DET
Mon.,2016-12-26,IND,CHI
Mon.,2016-12-26,DAL,NO
Mon.,2016-12-26,PHO,HOU
Mon.,2016-12-26,ATL,MIN
Mon.,2016-12-26,TOR,POR
Mon.,2016-12-26,DEN,LAC
Mon.,2016-12-26,PHI,SAC
Tue.,2016-12-27,MEM,BOS
Tue.,2016-12-27,OKC,MIA
Tue.,2016-12-27,HOU,DAL
Tue.,2016-12-27,UTA,LAL
Wed.,2016-12-28,IND,WAS
Wed.,2016-12-28,CHA,ORL
Wed.,2016-12-28,NY,ATL
Wed.,2016-12-28,MIL,DET
Wed.,2016-12-28,BKN,CHI
Wed.,2016-12-28,LAC,NO
Wed.,2016-12-28,PHO,SA
Wed.,2016-12-28,MIN,DEN
Wed.,2016-12-28,SAC,POR
Wed.,2016-12-28,TOR,GS
Thu.,2016-12-29,MIA,CHA
Thu.,2016-12-29,OKC,MEM
Thu.,2016-12-29,BOS,CLE
Thu.,2016-12-29,PHI,UTA
Thu.,2016-12-29,TOR,PHO
Thu.,2016-12-29,DAL,LAL
Fri.,2016-12-30,CHI,IND
Fri.,2016-12-30,BKN,WAS
Fri.,2016-12-30,MIA,BOS
Fri.,2016-12-30,NY,NO
Fri.,2016-12-30,LAC,HOU
Fri.,2016-12-30,MIL,MIN
Fri.,2016-12-30,DET,ATL
Fri.,2016-12-30,POR,SA
Fri.,2016-12-30,PHI,DEN
Fri.,2016-12-30,DAL,GS
Sat.,2016-12-31,MEM,SAC
Sat.,2016-12-31,MIL,CHI
Sat.,2016-12-31,NY,HOU
Sat.,2016-12-31,CLE,CHA
Sat.,2016-12-31,PHO,UTA
Sat.,2016-12-31,LAC,OKC
Sun.,2017-01-01,SA,ATL
Sun.,2017-01-01,DET,MIA
Sun.,2017-01-01,ORL,IND
Sun.,2017-01-01,POR,MIN
Sun.,2017-01-01,TOR,LAL
Mon.,2017-01-02,OKC,MIL
Mon.,2017-01-02,NO,CLE
Mon.,2017-01-02,UTA,BKN
Mon.,2017-01-02,ORL,NY
Mon.,2017-01-02,CHA,CHI
Mon.,2017-01-02,WAS,HOU
Mon.,2017-01-02,PHO,LAC
Mon.,2017-01-02,DEN,GS
Tue.,2017-01-03,MIN,PHI
Tue.,2017-01-03,UTA,BOS
Tue.,2017-01-03,IND,DET
Tue.,2017-01-03,WAS,DAL
Tue.,2017-01-03,TOR,SA
Tue.,2017-01-03,SAC,DEN
Tue.,2017-01-03,MIA,PHO
Tue.,2017-01-03,MEM,LAL
Wed.,2017-01-04,OKC,CHA
Wed.,2017-01-04,ATL,ORL
Wed.,2017-01-04,MIL,NY
Wed.,2017-01-04,CHI,CLE
Wed.,2017-01-04,MEM,LAC
Wed.,2017-01-04,POR,GS
Wed.,2017-01-04,MIA,SAC
Thu.,2017-01-05,BKN,IND
Thu.,2017-01-05,UTA,TOR
Thu.,2017-01-05,CHA,DET
Thu.,2017-01-05,ATL,NO
Thu.,2017-01-05,OKC,HOU
Thu.,2017-01-05,PHO,DAL
Thu.,2017-01-05,LAL,POR
Thu.,2017-01-05,SA,DEN
Fri.,2017-01-06,MIN,WAS
Fri.,2017-01-06,HOU,ORL
Fri.,2017-01-06,PHI,BOS
Fri.,2017-01-06,CLE,BKN
Fri.,2017-01-06,NY,MIL
Fri.,2017-01-06,MIA,LAL
Fri.,2017-01-06,MEM,GS
Fri.,2017-01-06,LAC,SAC
Sat.,2017-01-07,NY,IND
Sat.,2017-01-07,NO,BOS
Sat.,2017-01-07,TOR,CHI
Sat.,2017-01-07,DEN,OKC
Sat.,2017-01-07,UTA,MIN
Sat.,2017-01-07,ATL,DAL
Sat.,2017-01-07,CHA,SA
Sat.,2017-01-07,DET,POR
Sun.,2017-01-08,PHI,BKN
Sun.,2017-01-08,MIA,LAC
Sun.,2017-01-08,WAS,MIL
Sun.,2017-01-08,HOU,TOR
Sun.,2017-01-08,UTA,MEM
Sun.,2017-01-08,CLE,PHO
Sun.,2017-01-08,GS,SAC
Sun.,2017-01-08,ORL,LAL
Mon.,2017-01-09,NO,NY
Mon.,2017-01-09,OKC,CHI
Mon.,2017-01-09,DAL,MIN
Tue.,2017-01-10,CHI,WAS
Tue.,2017-01-10,BOS,TOR
Tue.,2017-01-10,ATL,BKN
Tue.,2017-01-10,CHA,HOU
Tue.,2017-01-10,MIL,SA
Tue.,2017-01-10,CLE,UTA
Tue.,2017-01-10,POR,LAL
Tue.,2017-01-10,MIA,GS
Tue.,2017-01-10,DET,SAC
Wed.,2017-01-11,NY,PHI
Wed.,2017-01-11,MEM,OKC
Wed.,2017-01-11,HOU,MIN
Wed.,2017-01-11,WAS,BOS
Wed.,2017-01-11,ORL,LAC
Wed.,2017-01-11,CLE,POR
Thu.,2017-01-12,NO,BKN
Thu.,2017-01-12,CHI,NY
Thu.,2017-01-12,LAL,SA
Thu.,2017-01-12,IND,DEN
Thu.,2017-01-12,DET,GS
Thu.,2017-01-12,DAL,PHO
Fri.,2017-01-13,BKN,TOR
Fri.,2017-01-13,CHA,PHI
Fri.,2017-01-13,MIA,MIL
Fri.,2017-01-13,MEM,HOU
Fri.,2017-01-13,OKC,MIN
Fri.,2017-01-13,BOS,ATL
Fri.,2017-01-13,ORL,POR
Fri.,2017-01-13,CLE,SAC
Fri.,2017-01-13,DET,UTA
Sat.,2017-01-14,LAL,LAC
Sat.,2017-01-14,NO,CHI
Sat.,2017-01-14,PHI,WAS
Sat.,2017-01-14,ORL,UTA
Sat.,2017-01-14,SA,PHO
Sun.,2017-01-15,NY,TOR
Sun.,2017-01-15,MIL,ATL
Sun.,2017-01-15,MIN,DAL
Sun.,2017-01-15,HOU,BKN
Sun.,2017-01-15,OKC,SAC
Sun.,2017-01-15,CHI,MEM
Sun.,2017-01-15,DET,LAL
Mon.,2017-01-16,ATL,NY
Mon.,2017-01-16,POR,WAS
Mon.,2017-01-16,PHI,MIL
Mon.,2017-01-16,NO,IND
Mon.,2017-01-16,ORL,DEN
Mon.,2017-01-16,CHA,BOS
Mon.,2017-01-16,CLE,GS
Mon.,2017-01-16,UTA,PHO
Mon.,2017-01-16,OKC,LAC
Tue.,2017-01-17,TOR,BKN
Tue.,2017-01-17,HOU,MIA
Tue.,2017-01-17,DAL,CHI
Tue.,2017-01-17,MIN,SA
Tue.,2017-01-17,DEN,LAL
Wed.,2017-01-18,TOR,PHI
Wed.,2017-01-18,MEM,WAS
Wed.,2017-01-18,POR,CHA
Wed.,2017-01-18,NY,BOS
Wed.,2017-01-18,ORL,NO
Wed.,2017-01-18,MIL,HOU
Wed.,2017-01-18,ATL,DET
Wed.,2017-01-18,OKC,GS
Wed.,2017-01-18,IND,SAC
Thu.,2017-01-19,PHO,CLE
Thu.,2017-01-19,DAL,MIA
Thu.,2017-01-19,WAS,NY
Thu.,2017-01-19,DEN,SA
Thu.,2017-01-19,MIN,LAC
Fri.,2017-01-20,POR,PHI
Fri.,2017-01-20,TOR,CHA
Fri.,2017-01-20,MIL,ORL
Fri.,2017-01-20,SAC,MEM
Fri.,2017-01-20,BKN,NO
Fri.,2017-01-20,GS,HOU
Fri.,2017-01-20,CHI,ATL
Fri.,2017-01-20,UTA,DAL
Fri.,2017-01-20,IND,LAL
Sat.,2017-01-21,POR,BOS
Sat.,2017-01-21,WAS,DET
Sat.,2017-01-21,BKN,CHA
Sat.,2017-01-21,PHI,ATL
Sat.,2017-01-21,PHO,NY
Sat.,2017-01-21,MIL,MIA
Sat.,2017-01-21,HOU,MEM
Sat.,2017-01-21,SA,CLE
Sat.,2017-01-21,LAC,DEN
Sat.,2017-01-21,IND,UTA
Sat.,2017-01-21,SAC,CHI
Sun.,2017-01-22,GS,ORL
Sun.,2017-01-22,LAL,DAL
Sun.,2017-01-22,PHO,TOR
Sun.,2017-01-22,DEN,MIN
Mon.,2017-01-23,WAS,CHA
Mon.,2017-01-23,SA,BKN
Mon.,2017-01-23,LAC,ATL
Mon.,2017-01-23,GS,MIA
Mon.,2017-01-23,SAC,DET
Mon.,2017-01-23,HOU,MIL
Mon.,2017-01-23,CLE,NO
Mon.,2017-01-23,NY,IND
Mon.,2017-01-23,OKC,UTA
Tue.,2017-01-24,SA,TOR
Tue.,2017-01-24,LAC,PHI
Tue.,2017-01-24,BOS,WAS
Tue.,2017-01-24,CHI,ORL
Tue.,2017-01-24,UTA,DEN
Tue.,2017-01-24,MIN,PHO
Wed.,2017-01-25,SAC,CLE
Wed.,2017-01-25,HOU,BOS
Wed.,2017-01-25,MIA,BKN
Wed.,2017-01-25,ATL,CHI
Wed.,2017-01-25,PHI,MIL
Wed.,2017-01-25,TOR,MEM
Wed.,2017-01-25,OKC,NO
Wed.,2017-01-25,GS,CHA
Wed.,2017-01-25,NY,DAL
Wed.,2017-01-25,LAL,POR
Thu.,2017-01-26,DAL,OKC
Thu.,2017-01-26,IND,MIN
Thu.,2017-01-26,PHO,DEN
Thu.,2017-01-26,LAL,UTA
Fri.,2017-01-27,HOU,PHI
Fri.,2017-01-27,BKN,CLE
Fri.,2017-01-27,SAC,IND
Fri.,2017-01-27,ORL,BOS
Fri.,2017-01-27,MIL,TOR
Fri.,2017-01-27,CHA,NY
Fri.,2017-01-27,MIA,CHI
Fri.,2017-01-27,SA,NO
Fri.,2017-01-27,WAS,ATL
Fri.,2017-01-27,MEM,POR
Sat.,2017-01-28,SAC,CHA
Sat.,2017-01-28,DET,MIA
Sat.,2017-01-28,BOS,MIL
Sat.,2017-01-28,LAC,GS
Sat.,2017-01-28,MEM,UTA
Sat.,2017-01-28,DEN,PHO
Sat.,2017-01-28,BKN,MIN
Sun.,2017-01-29,NY,ATL
Sun.,2017-01-29,OKC,CLE
Sun.,2017-01-29,HOU,IND
Sun.,2017-01-29,WAS,NO
Sun.,2017-01-29,ORL,TOR
Sun.,2017-01-29,PHI,CHI
Sun.,2017-01-29,DAL,SA
Sun.,2017-01-29,GS,POR
Mon.,2017-01-30,BKN,MIA
Mon.,2017-01-30,ORL,MIN
Mon.,2017-01-30,DET,BOS
Mon.,2017-01-30,CLE,DAL
Mon.,2017-01-30,MEM,PHO
Tue.,2017-01-31,NY,WAS
Tue.,2017-01-31,NO,TOR
Tue.,2017-01-31,SAC,HOU
Tue.,2017-01-31,OKC,SA
Tue.,2017-01-31,CHA,POR
Tue.,2017-01-31,DEN,LAL
Wed.,2017-02-01,IND,ORL
Wed.,2017-02-01,MIN,CLE
Wed.,2017-02-01,TOR,BOS
Wed.,2017-02-01,NY,BKN
Wed.,2017-02-01,ATL,MIA
Wed.,2017-02-01,NO,DET
Wed.,2017-02-01,PHI,DAL
Wed.,2017-02-01,MEM,DEN
Wed.,2017-02-01,MIL,UTA
Wed.,2017-02-01,LAC,PHO
Wed.,2017-02-01,CHI,OKC
Wed.,2017-02-01,CHA,GS
Thu.,2017-02-02,LAL,WAS
Thu.,2017-02-02,ATL,HOU
Thu.,2017-02-02,PHI,SA
Thu.,2017-02-02,GS,LAC
Fri.,2017-02-03,TOR,ORL
Fri.,2017-02-03,IND,BKN
Fri.,2017-02-03,MIN,DET
Fri.,2017-02-03,CHI,HOU
Fri.,2017-02-03,MEM,OKC
Fri.,2017-02-03,LAL,BOS
Fri.,2017-02-03,MIL,DEN
Fri.,2017-02-03,PHO,SAC
Fri.,2017-02-03,DAL,POR
Sat.,2017-02-04,NO,WAS
Sat.,2017-02-04,ORL,ATL
Sat.,2017-02-04,DET,IND
Sat.,2017-02-04,PHI,MIA
Sat.,2017-02-04,CLE,NY
Sat.,2017-02-04,CHA,UTA
Sat.,2017-02-04,MIL,PHO
Sat.,2017-02-04,DEN,SA
Sat.,2017-02-04,MEM,MIN
Sat.,2017-02-04,GS,SAC
Sun.,2017-02-05,TOR,BKN
Sun.,2017-02-05,LAC,BOS
Sun.,2017-02-05,POR,OKC
Mon.,2017-02-06,LAL,NY
Mon.,2017-02-06,CLE,WAS
Mon.,2017-02-06,OKC,IND
Mon.,2017-02-06,LAC,TOR
Mon.,2017-02-06,UTA,ATL
Mon.,2017-02-06,PHI,DET
Mon.,2017-02-06,PHO,NO
Mon.,2017-02-06,MIA,MIN
Mon.,2017-02-06,DAL,DEN
Mon.,2017-02-06,SA,MEM
Mon.,2017-02-06,CHI,SAC
Tue.,2017-02-07,BKN,CHA
Tue.,2017-02-07,ORL,HOU
Tue.,2017-02-07,POR,DAL
Wed.,2017-02-08,SA,PHI
Wed.,2017-02-08,CLE,IND
Wed.,2017-02-08,WAS,BKN
Wed.,2017-02-08,DEN,ATL
Wed.,2017-02-08,LAL,DET
Wed.,2017-02-08,MIA,MIL
Wed.,2017-02-08,PHO,MEM
Wed.,2017-02-08,UTA,NO
Wed.,2017-02-08,TOR,MIN
Wed.,2017-02-08,LAC,NY
Wed.,2017-02-08,CHI,GS
Wed.,2017-02-08,BOS,SAC
Thu.,2017-02-09,HOU,CHA
Thu.,2017-02-09,PHI,ORL
Thu.,2017-02-09,CLE,OKC
Thu.,2017-02-09,UTA,DAL
Thu.,2017-02-09,BOS,POR
Fri.,2017-02-10,MIA,BKN
Fri.,2017-02-10,DEN,NY
Fri.,2017-02-10,SA,DET
Fri.,2017-02-10,LAL,MIL
Fri.,2017-02-10,GS,MEM
Fri.,2017-02-10,NO,MIN
Fri.,2017-02-10,IND,WAS
Fri.,2017-02-10,ATL,SAC
Fri.,2017-02-10,CHI,PHO
Sat.,2017-02-11,LAC,CHA
Sat.,2017-02-11,MIL,IND
Sat.,2017-02-11,MIA,PHI
Sat.,2017-02-11,DEN,CLE
Sat.,2017-02-11,PHO,HOU
Sat.,2017-02-11,GS,OKC
Sat.,2017-02-11,ORL,DAL
Sat.,2017-02-11,BOS,UTA
Sun.,2017-02-12,CHI,MIN
Sun.,2017-02-12,SA,NY
Sun.,2017-02-12,DET,TOR
Sun.,2017-02-12,NO,SAC
Mon.,2017-02-13,OKC,WAS
Mon.,2017-02-13,PHI,CHA
Mon.,2017-02-13,MEM,BKN
Mon.,2017-02-13,ORL,MIA
Mon.,2017-02-13,DET,MIL
Mon.,2017-02-13,SA,IND
Mon.,2017-02-13,BOS,DAL
Mon.,2017-02-13,GS,DEN
Mon.,2017-02-13,LAC,UTA
Mon.,2017-02-13,NO,PHO
Mon.,2017-02-13,ATL,POR
Tue.,2017-02-14,TOR,CHI
Tue.,2017-02-14,CLE,MIN
Tue.,2017-02-14,SAC,LAL
Wed.,2017-02-15,SA,ORL
Wed.,2017-02-15,IND,CLE
Wed.,2017-02-15,PHI,BOS
Wed.,2017-02-15,CHA,TOR
Wed.,2017-02-15,MIL,BKN
Wed.,2017-02-15,DAL,DET
Wed.,2017-02-15,NO,MEM
Wed.,2017-02-15,MIA,HOU
Wed.,2017-02-15,MIN,DEN
Wed.,2017-02-15,POR,UTA
Wed.,2017-02-15,LAL,PHO
Wed.,2017-02-15,NY,OKC
Wed.,2017-02-15,ATL,LAC
Wed.,2017-02-15,SAC,GS
Thu.,2017-02-16,WAS,IND
Thu.,2017-02-16,BOS,CHI
Thu.,2017-02-23,POR,ORL
Thu.,2017-02-23,CHA,DET
Thu.,2017-02-23,HOU,NO
Thu.,2017-02-23,NY,CLE
Thu.,2017-02-23,LAC,GS
Thu.,2017-02-23,DEN,SAC
Fri.,2017-02-24,WAS,PHI
Fri.,2017-02-24,MEM,IND
Fri.,2017-02-24,BOS,TOR
Fri.,2017-02-24,PHO,CHI
Fri.,2017-02-24,UTA,MIL
Fri.,2017-02-24,LAL,OKC
Fri.,2017-02-24,DAL,MIN
Fri.,2017-02-24,MIA,ATL
Fri.,2017-02-24,BKN,DEN
Fri.,2017-02-24,SA,LAC
Sat.,2017-02-25,CHA,SAC
Sat.,2017-02-25,ATL,ORL
Sat.,2017-02-25,PHI,NY
Sat.,2017-02-25,IND,MIA
Sat.,2017-02-25,NO,DAL
Sat.,2017-02-25,CHI,CLE
Sat.,2017-02-25,MIN,HOU
Sat.,2017-02-25,BKN,GS
Sun.,2017-02-26,SA,LAL
Sun.,2017-02-26,PHO,MIL
Sun.,2017-02-26,MEM,DEN
Sun.,2017-02-26,UTA,WAS
Sun.,2017-02-26,POR,TOR
Sun.,2017-02-26,BOS,DET
Sun.,2017-02-26,NO,OKC
Sun.,2017-02-26,CHA,LAC
Mon.,2017-02-27,TOR,NY
Mon.,2017-02-27,GS,PHI
Mon.,2017-02-27,MIL,CLE
Mon.,2017-02-27,ATL,BOS
Mon.,2017-02-27,IND,HOU
Mon.,2017-02-27,MIA,DAL
Mon.,2017-02-27,MIN,SAC
Tue.,2017-02-28,GS,WAS
Tue.,2017-02-28,POR,DET
Tue.,2017-02-28,DEN,CHI
Tue.,2017-02-28,PHO,MEM
Tue.,2017-02-28,UTA,OKC
Tue.,2017-02-28,CHA,LAL
Wed.,2017-03-01,NY,ORL
Wed.,2017-03-01,WAS,TOR
Wed.,2017-03-01,DAL,ATL
Wed.,2017-03-01,PHI,MIA
Wed.,2017-03-01,DEN,MIL
Wed.,2017-03-01,DET,NO
Wed.,2017-03-01,CLE,BOS
Wed.,2017-03-01,IND,SA
Wed.,2017-03-01,MIN,UTA
Wed.,2017-03-01,HOU,LAC
Wed.,2017-03-01,BKN,SAC
Thu.,2017-03-02,GS,CHI
Thu.,2017-03-02,CHA,PHO
Thu.,2017-03-02,OKC,POR
Fri.,2017-03-03,NY,PHI
Fri.,2017-03-03,TOR,WAS
Fri.,2017-03-03,MIA,ORL
Fri.,2017-03-03,LAC,MIL
Fri.,2017-03-03,CLE,ATL
Fri.,2017-03-03,MEM,DAL
Fri.,2017-03-03,BKN,UTA
Fri.,2017-03-03,OKC,PHO
Fri.,2017-03-03,SA,NO
Fri.,2017-03-03,BOS,LAL
Sat.,2017-03-04,DET,PHI
Sat.,2017-03-04,TOR,MIL
Sat.,2017-03-04,CLE,MIA
Sat.,2017-03-04,LAC,CHI
Sat.,2017-03-04,CHA,DEN
Sat.,2017-03-04,MEM,HOU
Sat.,2017-03-04,MIN,SA
Sat.,2017-03-04,BKN,POR
Sun.,2017-03-05,IND,ATL
Sun.,2017-03-05,GS,NY
Sun.,2017-03-05,BOS,PHO
Sun.,2017-03-05,ORL,WAS
Sun.,2017-03-05,UTA,SAC
Sun.,2017-03-05,OKC,DAL
Sun.,2017-03-05,NO,LAL
Mon.,2017-03-06,MIL,PHI
Mon.,2017-03-06,NY,ORL
Mon.,2017-03-06,MIA,CLE
Mon.,2017-03-06,GS,ATL
Mon.,2017-03-06,CHI,DET
Mon.,2017-03-06,BKN,MEM
Mon.,2017-03-06,POR,MIN
Mon.,2017-03-06,IND,CHA
Mon.,2017-03-06,HOU,SA
Mon.,2017-03-06,SAC,DEN
Mon.,2017-03-06,NO,UTA
Mon.,2017-03-06,BOS,LAC
Tue.,2017-03-07,POR,OKC
Tue.,2017-03-07,LAL,DAL
Tue.,2017-03-07,WAS,PHO
Wed.,2017-03-08,CHI,ORL
Wed.,2017-03-08,BKN,ATL
Wed.,2017-03-08,CHA,MIA
Wed.,2017-03-08,NY,MIL
Wed.,2017-03-08,TOR,NO
Wed.,2017-03-08,UTA,HOU
Wed.,2017-03-08,LAC,MIN
Wed.,2017-03-08,DET,IND
Wed.,2017-03-08,SAC,SA
Wed.,2017-03-08,WAS,DEN
Wed.,2017-03-08,BOS,GS
Thu.,2017-03-09,CLE,DET
Thu.,2017-03-09,LAC,MEM
Thu.,2017-03-09,SA,OKC
Thu.,2017-03-09,PHI,POR
Thu.,2017-03-09,LAL,PHO
Fri.,2017-03-10,ORL,CHA
Fri.,2017-03-10,HOU,CHI
Fri.,2017-03-10,IND,MIL
Fri.,2017-03-10,GS,MIN
Fri.,2017-03-10,TOR,ATL
Fri.,2017-03-10,BOS,DEN
Fri.,2017-03-10,BKN,DAL
Fri.,2017-03-10,WAS,SAC
Sat.,2017-03-11,UTA,OKC
Sat.,2017-03-11,PHI,LAC
Sat.,2017-03-11,NY,DET
Sat.,2017-03-11,NO,CHA
Sat.,2017-03-11,CLE,ORL
Sat.,2017-03-11,MIN,MIL
Sat.,2017-03-11,TOR,MIA
Sat.,2017-03-11,GS,SA
Sat.,2017-03-11,ATL,MEM
Sat.,2017-03-11,PHO,DAL
Sat.,2017-03-11,WAS,POR
Sat.,2017-03-11,DEN,SAC
Sun.,2017-03-12,CHI,BOS
Sun.,2017-03-12,NY,BKN
Sun.,2017-03-12,MIA,IND
Sun.,2017-03-12,POR,PHO
Sun.,2017-03-12,CLE,HOU
Sun.,2017-03-12,PHI,LAL
Mon.,2017-03-13,CHI,CHA
Mon.,2017-03-13,DAL,TOR
Mon.,2017-03-13,MIL,MEM
Mon.,2017-03-13,ATL,SA
Mon.,2017-03-13,WAS,MIN
Mon.,2017-03-13,LAC,UTA
Mon.,2017-03-13,ORL,SAC
Mon.,2017-03-13,LAL,DEN
Tue.,2017-03-14,DET,CLE
Tue.,2017-03-14,OKC,BKN
Tue.,2017-03-14,IND,NY
Tue.,2017-03-14,POR,NO
Tue.,2017-03-14,PHI,GS
Wed.,2017-03-15,DAL,WAS
Wed.,2017-03-15,CHA,IND
Wed.,2017-03-15,MIN,BOS
Wed.,2017-03-15,NO,MIA
Wed.,2017-03-15,UTA,DET
Wed.,2017-03-15,MEM,CHI
Wed.,2017-03-15,LAL,HOU
Wed.,2017-03-15,POR,SA
Wed.,2017-03-15,SAC,PHO
Wed.,2017-03-15,MIL,LAC
Thu.,2017-03-16,UTA,CLE
Thu.,2017-03-16,OKC,TOR
Thu.,2017-03-16,BKN,NY
Thu.,2017-03-16,MEM,ATL
Thu.,2017-03-16,LAC,DEN
Thu.,2017-03-16,ORL,GS
Fri.,2017-03-17,DAL,PHI
Fri.,2017-03-17,CHI,WAS
Fri.,2017-03-17,BOS,BKN
Fri.,2017-03-17,TOR,DET
Fri.,2017-03-17,HOU,NO
Fri.,2017-03-17,MIN,MIA
Fri.,2017-03-17,ORL,PHO
Fri.,2017-03-17,MIL,LAL
Sat.,2017-03-18,SAC,OKC
Sat.,2017-03-18,POR,ATL
Sat.,2017-03-18,WAS,CHA
Sat.,2017-03-18,CLE,LAC
Sat.,2017-03-18,UTA,CHI
Sat.,2017-03-18,SA,MEM
Sat.,2017-03-18,HOU,DEN
Sat.,2017-03-18,MIL,GS
Sun.,2017-03-19,DAL,BKN
Sun.,2017-03-19,BOS,PHI
Sun.,2017-03-19,PHO,DET
Sun.,2017-03-19,MIN,NO
Sun.,2017-03-19,IND,TOR
Sun.,2017-03-19,POR,MIA
Sun.,2017-03-19,SAC,SA
Sun.,2017-03-19,CLE,LAL
Mon.,2017-03-20,ATL,CHA
Mon.,2017-03-20,PHI,ORL
Mon.,2017-03-20,UTA,IND
Mon.,2017-03-20,WAS,BOS
Mon.,2017-03-20,DEN,HOU
Mon.,2017-03-20,GS,OKC
Mon.,2017-03-20,NY,LAC
Tue.,2017-03-21,CHI,TOR
Tue.,2017-03-21,DET,BKN
Tue.,2017-03-21,PHO,MIA
Tue.,2017-03-21,MEM,NO
Tue.,2017-03-21,GS,DAL
Tue.,2017-03-21,SA,MIN
Tue.,2017-03-21,MIL,POR
Tue.,2017-03-21,LAC,LAL
Wed.,2017-03-22,CHA,ORL
Wed.,2017-03-22,IND,BOS
Wed.,2017-03-22,DET,CHI
Wed.,2017-03-22,PHI,OKC
Wed.,2017-03-22,ATL,WAS
Wed.,2017-03-22,CLE,DEN
Wed.,2017-03-22,MIL,SAC
Wed.,2017-03-22,NY,UTA
Thu.,2017-03-23,PHO,BKN
Thu.,2017-03-23,TOR,MIA
Thu.,2017-03-23,LAC,DAL
Thu.,2017-03-23,MEM,SA
Thu.,2017-03-23,NY,POR
Fri.,2017-03-24,BKN,WAS
Fri.,2017-03-24,CLE,CHA
Fri.,2017-03-24,DET,ORL
Fri.,2017-03-24,DEN,IND
Fri.,2017-03-24,PHO,BOS
Fri.,2017-03-24,PHI,CHI
Fri.,2017-03-24,ATL,MIL
Fri.,2017-03-24,NO,HOU
Fri.,2017-03-24,MIN,LAL
Fri.,2017-03-24,SAC,GS
Sat.,2017-03-25,UTA,LAC
Sat.,2017-03-25,WAS,CLE
Sat.,2017-03-25,TOR,DAL
Sat.,2017-03-25,NY,SA
Sat.,2017-03-25,MIN,POR
Sun.,2017-03-26,PHO,CHA
Sun.,2017-03-26,BKN,ATL
Sun.,2017-03-26,SAC,LAC
Sun.,2017-03-26,CHI,MIL
Sun.,2017-03-26,OKC,HOU
Sun.,2017-03-26,PHI,IND
Sun.,2017-03-26,MIA,BOS
Sun.,2017-03-26,MEM,GS
Sun.,2017-03-26,NO,DEN
Sun.,2017-03-26,POR,LAL
Mon.,2017-03-27,ORL,TOR
Mon.,2017-03-27,DET,NY
Mon.,2017-03-27,CLE,SA
Mon.,2017-03-27,OKC,DAL
Mon.,2017-03-27,MEM,SAC
Mon.,2017-03-27,NO,UTA
Tue.,2017-03-28,MIL,CHA
Tue.,2017-03-28,MIN,IND
Tue.,2017-03-28,PHI,BKN
Tue.,2017-03-28,PHO,ATL
Tue.,2017-03-28,MIA,DET
Tue.,2017-03-28,GS,HOU
Tue.,2017-03-28,DEN,POR
Tue.,2017-03-28,WAS,LAL
Wed.,2017-03-29,ATL,PHI
Wed.,2017-03-29,OKC,ORL
Wed.,2017-03-29,MIL,BOS
Wed.,2017-03-29,CHA,TOR
Wed.,2017-03-29,MIA,NY
Wed.,2017-03-29,IND,MEM
Wed.,2017-03-29,DAL,NO
Wed.,2017-03-29,GS,SA
Wed.,2017-03-29,WAS,LAC
Wed.,2017-03-29,UTA,SAC
Thu.,2017-03-30,BKN,DET
Thu.,2017-03-30,CLE,CHI
Thu.,2017-03-30,LAL,MIN
Thu.,2017-03-30,LAC,PHO
Thu.,2017-03-30,HOU,POR
Fri.,2017-03-31,IND,TOR
Fri.,2017-03-31,DEN,CHA
Fri.,2017-03-31,PHI,CLE
Fri.,2017-03-31,ORL,BOS
Fri.,2017-03-31,DET,MIL
Fri.,2017-03-31,DAL,MEM
Fri.,2017-03-31,SAC,NO
Fri.,2017-03-31,NY,MIA
Fri.,2017-03-31,WAS,UTA
Fri.,2017-03-31,SA,OKC
Fri.,2017-03-31,HOU,GS
Sat.,2017-04-01,LAL,LAC
Sat.,2017-04-01,ATL,CHI
Sat.,2017-04-01,ORL,BKN
Sat.,2017-04-01,SAC,MIN
Sat.,2017-04-01,PHO,POR
Sun.,2017-04-02,CHA,OKC
Sun.,2017-04-02,MEM,LAL
Sun.,2017-04-02,DAL,MIL
Sun.,2017-04-02,BOS,NY
Sun.,2017-04-02,CHI,NO
Sun.,2017-04-02,PHI,TOR
Sun.,2017-04-02,ATL,BKN
Sun.,2017-04-02,DEN,MIA
Sun.,2017-04-02,IND,CLE
Sun.,2017-04-02,UTA,SA
Sun.,2017-04-02,WAS,GS
Sun.,2017-04-02,HOU,PHO
Tue.,2017-04-04,BKN,PHI
Tue.,2017-04-04,CHA,WAS
Tue.,2017-04-04,ORL,CLE
Tue.,2017-04-04,TOR,IND
Tue.,2017-04-04,DEN,NO
Tue.,2017-04-04,MIL,OKC
Tue.,2017-04-04,CHI,NY
Tue.,2017-04-04,MEM,SA
Tue.,2017-04-04,MIN,GS
Tue.,2017-04-04,DAL,SAC
Tue.,2017-04-04,POR,UTA
Wed.,2017-04-05,MIA,CHA
Wed.,2017-04-05,TOR,DET
Wed.,2017-04-05,OKC,MEM
Wed.,2017-04-05,DEN,HOU
Wed.,2017-04-05,CLE,BOS
Wed.,2017-04-05,LAL,SA
Wed.,2017-04-05,GS,PHO
Wed.,2017-04-05,DAL,LAC
Thu.,2017-04-06,CHI,PHI
Thu.,2017-04-06,BKN,ORL
Thu.,2017-04-06,MIL,IND
Thu.,2017-04-06,WAS,NY
Thu.,2017-04-06,BOS,ATL
Thu.,2017-04-06,MIN,POR
Fri.,2017-04-07,ATL,CLE
Fri.,2017-04-07,MIA,TOR
Fri.,2017-04-07,NY,MEM
Fri.,2017-04-07,DET,HOU
Fri.,2017-04-07,SA,DAL
Fri.,2017-04-07,NO,DEN
Fri.,2017-04-07,MIN,UTA
Fri.,2017-04-07,OKC,PHO
Fri.,2017-04-07,SAC,LAL
Sat.,2017-04-08,CHI,BKN
Sat.,2017-04-08,BOS,CHA
Sat.,2017-04-08,IND,ORL
Sat.,2017-04-08,MIL,PHI
Sat.,2017-04-08,MIA,WAS
Sat.,2017-04-08,LAC,SA
Sat.,2017-04-08,UTA,POR
Sat.,2017-04-08,NO,GS
Sun.,2017-04-09,TOR,NY
Sun.,2017-04-09,CLE,ATL
Sun.,2017-04-09,OKC,DEN
Sun.,2017-04-09,DAL,PHO
Sun.,2017-04-09,HOU,SAC
Sun.,2017-04-09,DET,MEM
Sun.,2017-04-09,MIN,LAL
Mon.,2017-04-10,IND,PHI
Mon.,2017-04-10,BKN,BOS
Mon.,2017-04-10,CLE,MIA
Mon.,2017-04-10,ORL,CHI
Mon.,2017-04-10,CHA,MIL
Mon.,2017-04-10,WAS,DET
Mon.,2017-04-10,SA,POR
Mon.,2017-04-10,HOU,LAC
Mon.,2017-04-10,UTA,GS
Tue.,2017-04-11,CHA,ATL
Tue.,2017-04-11,OKC,MIN
Tue.,2017-04-11,DEN,DAL
Tue.,2017-04-11,NO,LAL
Tue.,2017-04-11,PHO,SAC
Wed.,2017-04-12,DET,ORL
Wed.,2017-04-12,TOR,CLE
Wed.,2017-04-12,MIL,BOS
Wed.,2017-04-12,PHI,NY
Wed.,2017-04-12,WAS,MIA
Wed.,2017-04-12,BKN,CHI
Wed.,2017-04-12,DAL,MEM
Wed.,2017-04-12,MIN,HOU
Wed.,2017-04-12,DEN,OKC
Wed.,2017-04-12,ATL,IND
Wed.,2017-04-12,SA,UTA
Wed.,2017-04-12,SAC,LAC
Wed.,2017-04-12,LAL,GS
Wed.,2017-04-12,NO,POR
