Name,Entry Fee,Num of Entries,Top Prize,FPTS to Cash,Winner,FPTS to win,Total Entrees,Date
NBA $375K Saturday Spin Move,$40.00,"10,803","$50,000.00",289.50,spudclot,359.25,2,Dec-10-2016
NBA $325K Sharpshooter,$3.00,"126,622","$20,000.00",274.75,Gavone954,373.50,2,Dec-10-2016
NBA $200K Power Dribble,$400.00,555,"$25,000.00",290.75,kingfi,349.00,15,Dec-10-2016
NBA $100K All-Star,"$1,060.00",100,"$20,000.00",303.00,kingfi,349.00,3,Dec-10-2016
NBA $40K Posterizer,$150.00,296,"$6,000.00",292.00,sidewinder,339.75,1,Dec-10-2016
NBA $40K Sharpshooter,$3.00,"15,686",$875.00,262.25,hha9442730,318.00,1,Dec-10-2016
NBA $25K Sky Hook,$9.00,"3,211","$1,000.00",293.00,deekay347,372.25,1,Dec-10-2016
NBA $25K Pump Fake,$27.00,"1,070","$2,000.00",283.00,kjr32,353.00,2,Dec-10-2016
NBA $25K And-One,$1.00,"29,411",$850.00,280.50,coray38,380.25,3,Dec-10-2016
NBA $20K Sharpshooter,$3.00,"7,843","$1,000.00",258.25,sheridan24,328.25,2,Dec-10-2016
NBA $15K Hot Shot,$3.00,"5,778",$700.00,274.50,buddybing19,363.50,3,Dec-10-2016
NBA Single Entry $5 Double Up,$5.00,"2,298",$10.00,265.00,alyssapo,343.75,1,Dec-10-2016
Casual NBA $8K Zone,$5.00,"1,882","$1,000.00",281.00,1tarheel23,348.25,1,Dec-10-2016
NBA $8K Zone,$5.00,"1,882","$1,000.00",282.75,orfreak,356.75,1,Dec-10-2016
NBA $5K High Five,$5.00,"1,176",$500.00,288.25,TarBenders,348.00,1,Dec-10-2016
NBA $200K Four Point Play,$4.00,"58,823","$10,000.00",284.00,goodellboys,374.25,81,Dec-11-2016
NBA $75K Crossover,$27.00,"3,211","$5,000.00",291.75,rcrossley1992,356.75,2,Dec-11-2016
NBA $60K 3-Ball,$300.00,222,"$8,000.00",287.50,koachsarah,339.75,1,Dec-11-2016
NBA $25K All-Star,"$1,060.00",25,"$10,000.00",286.50,bshibru,326.25,1,Dec-11-2016
NBA $25K Sharpshooter,$3.00,"9,803",$662.50,291.75,WPalmer2014,368.00,2,Dec-11-2016
NBA $20K Sharpshooter,$3.00,"7,843","$1,000.00",275.25,moosecaboose61,364.75,1,Dec-11-2016
NBA Single Entry $5 Double Up,$5.00,689,$10.00,268.25,EvilEmpire10,341.50,1,Dec-11-2016
NBA $2K High Five,$5.00,470,$400.00,294.75,Carstars,337.75,1,Dec-11-2016
NBA $375K Four Point Play,$4.00,"110,294","$8,166.67",276.75,KHOSHBIZ,356.00,1,Dec-1-2016
NBA $275K Money Ball,$333.00,917,"$50,000.00",284.00,KHOSHBIZ,356.00,1,Dec-1-2016
NBA $250K Crossover,$27.00,"10,704","$20,000.00",281.50,ZMoN3Y,356.00,1,Dec-1-2016
NBA $130K Thunderdome,"$5,300.00",26,"$40,000.00",280.75,Kobe4MVP,309.25,1,Dec-1-2016
NBA $100K All-Star,"$1,060.00",100,"$20,000.00",281.50,JmoFoShoSUCKA,322.25,2,Dec-1-2016
NBA $50K Posterizer,$150.00,370,"$5,000.00",280.25,talkin97,328.75,1,Dec-1-2016
NBA $30K And-One,$1.00,"35,294",$324.55,276.25,SmallChocolateMalt,356.00,3,Dec-1-2016
NBA $25K Pump Fake,$27.00,"1,070","$2,000.00",284.50,hanchet5959,342.25,3,Dec-1-2016
NBA $25K Sky Hook,$9.00,"3,211","$1,000.00",279.25,ZMoN3Y,356.00,1,Dec-1-2016
NBA $20K Sharpshooter,$3.00,"7,843",$612.50,277.00,TheGreff,356.00,1,Dec-1-2016
NBA Single Entry $5 Double Up,$5.00,"3,448",$10.00,273.25,jpennino15,356.00,1,Dec-1-2016
NBA $15K Hot Shot,$3.00,"5,882",$700.00,277.75,SmallChocolateMalt,356.00,1,Dec-1-2016
NBA $5K High Five,$5.00,"1,176",$500.00,290.75,matt24ma,337.50,1,Dec-1-2016
NBA $500K Power Dunk,$444.00,"1,251","$75,000.00",292.50,Kobe4MVP,332.75,35,Dec-12-2016
NBA $450K Four Point Play,$4.00,"132,352","$50,000.00",277.00,JWest64,353.50,13,Dec-12-2016
NBA $250K Crossover,$27.00,"10,704","$25,000.00",286.25,lozingitall,343.75,150,Dec-12-2016
NBA $100K All-Star,"$1,060.00",100,"$20,000.00",298.75,hoop2410,321.75,1,Dec-12-2016
NBA $70K Sharpshooter,$3.00,"27,450","$1,261.11",281.25,youdacao,337.75,150,Dec-12-2016
NBA $40K Posterizer,$150.00,296,"$6,000.00",292.75,dabbind,328.25,1,Dec-12-2016
NBA $30K Sharpshooter,$3.00,"11,764","$1,000.00",282.25,hageval,344.00,6,Dec-12-2016
NBA $25K Pump Fake,$27.00,"1,070","$2,000.00",285.50,MrBadAss,339.00,2,Dec-12-2016
NBA $25K And-One,$1.00,"29,411","$1,000.00",279.75,etphonehome,345.75,150,Dec-12-2016
NBA $20K Crossover,$27.00,856,"$1,083.33",288.50,dahliacope,332.50,3,Dec-12-2016
NBA $20K Sky Hook,$9.00,"2,569","$1,000.00",288.75,juanshen,340.00,75,Dec-12-2016
NBA $15K Sharpshooter,$3.00,"5,882",$700.00,285.25,invertedcheese,355.50,150,Dec-12-2016
NBA $15K Hot Shot,$3.00,"5,882",$700.00,279.25,Couch22,352.50,3,Dec-12-2016
NBA Single Entry $5 Double Up,$5.00,"2,758",$10.00,276.25,Honkus,347.50,1,Dec-12-2016
Casual NBA $10K Zone,$5.00,"2,204",$500.00,271.75,stue1547,349.00,1,Dec-12-2016
NBA $10K Zone,$5.00,"2,352",$500.00,280.50,Jaypro13,344.75,1,Dec-12-2016
NBA $4K High Five,$5.00,941,$400.00,289.50,jbugz12,332.50,1,Dec-12-2016
NBA $500K Four Point Play,$4.00,"147,058","$50,000.00",274.50,capnbucko,382.25,15,Dec-13-2016
NBA $325K Triple Threat,$33.00,"11,385","$30,000.00",285.25,amoney15000,377.25,4,Dec-13-2016
NBA $300K Money Ball,$333.00,"1,001","$37,500.00",286.50,franktank1987,343.75,1,Dec-13-2016
NBA $100K All-Star,"$1,060.00",100,"$20,000.00",291.50,papagates,335.50,3,Dec-13-2016
NBA $50K Sharpshooter,$3.00,"19,607","$1,108.33",244.25,Cali_sco,330.75,2,Dec-13-2016
NBA $40K Posterizer,$150.00,296,"$6,000.00",282.50,Awesemo,372.25,3,Dec-13-2016
NBA $30K Pump Fake,$27.00,"1,284","$3,500.00",281.75,vonkers68,357.00,2,Dec-13-2016
NBA $30K Sky Hook,$9.00,"3,853","$2,500.00",292.50,batkinson1125,362.50,1,Dec-13-2016
NBA $30K And-One,$1.00,"35,294","$1,000.00",276.75,milkdude76,380.00,1,Dec-13-2016
NBA $20K Hot Shot,$3.00,"7,843","$1,000.00",269.25,stevak10,365.00,1,Dec-13-2016
NBA $15K Crossover,$27.00,642,"$1,500.00",246.50,Blacklox,301.75,2,Dec-13-2016
Casual NBA $10K Zone,$5.00,"2,352",$500.00,269.75,TomCB4,355.00,1,Dec-13-2016
NBA $10K Zone,$5.00,"2,352",$500.00,270.25,mnyoung,359.00,1,Dec-13-2016
NBA Single Entry $5 Double Up,$5.00,"2,298",$10.00,255.50,shaunlee97,362.75,1,Dec-13-2016
NBA $4K High Five,$5.00,941,$400.00,278.25,NPStollings,351.50,1,Dec-13-2016
NBA $500K High Flyer Encore,$444.00,"1,223","$100,000.00",284.00,Awesemo,343.25,6,Dec-2-2016
NBA $450K Four Point Play,$4.00,"132,352","$50,000.00",272.25,bbvw2002,371.75,8,Dec-2-2016
NBA $325K Triple Threat,$33.00,"11,219","$30,000.00",281.75,pianoclub,356.75,150,Dec-2-2016
NBA $100K All-Star,"$1,060.00",100,"$20,000.00",288.25,ryanmax,324.00,1,Dec-2-2016
NBA $45K Posterizer,$150.00,333,"$6,000.00",280.75,Awesemo,334.00,3,Dec-2-2016
NBA $35K Sky Hook,$9.00,"4,495","$3,000.00",286.00,pianoclub,356.75,100,Dec-2-2016
NBA $35K And-One,$1.00,"41,176","$1,500.00",272.50,abusankoh6,356.25,1,Dec-2-2016
NBA $25K Pump Fake,$27.00,"1,070","$2,000.00",280.50,DrewYou22,355.00,3,Dec-2-2016
NBA $20K Hot Shot,$3.00,"7,843","$1,000.00",271.25,MikeyLik3sit,344.25,1,Dec-2-2016
NBA Single Entry $5 Double Up,$5.00,"2,758",$10.00,271.25,jreyff,341.25,1,Dec-2-2016
NBA $5K High Five,$5.00,"1,176",$500.00,284.00,BadJerry20,334.75,1,Dec-2-2016
NBA $400K Saturday Spin Move,$40.00,"10,571","$50,000.00",264.00,fallfromgrace,358.00,75,Dec-3-2016
NBA $300K Sharpshooter,$3.00,"117,647","$30,000.00",265.50,workingclasspro,363.50,15,Dec-3-2016
NBA $200K Power Dribble,$400.00,555,"$25,000.00",263.50,safcoking,331.50,2,Dec-3-2016
NBA $135K All-Star,"$1,060.00",128,"$25,000.00",270.25,GFallis,313.75,3,Dec-3-2016
NBA $40K Posterizer,$150.00,296,"$6,000.00",265.50,513yoshi,333.00,3,Dec-3-2016
NBA $30K Sky Hook,$9.00,"3,853","$2,500.00",272.50,pianoclub,347.00,100,Dec-3-2016
NBA $25K Pump Fake,$27.00,"1,070","$2,000.00",264.00,sidewinder,331.00,3,Dec-3-2016
NBA $25K And-One,$1.00,"29,411","$1,000.00",265.25,ATMCKNIGHT,357.75,21,Dec-3-2016
NBA $15K Sharpshooter,$3.00,"5,882",$700.00,260.50,bigdaddybrownsky,350.25,1,Dec-3-2016
NBA Single Entry $5 Double Up,$5.00,"2,758",$10.00,250.50,Tramlaw2119,339.75,1,Dec-3-2016
NBA $5K High Five,$5.00,"1,176",$500.00,269.00,ralph37,323.25,1,Dec-3-2016
NBA $200K Sharpshooter,$3.00,"73,735","$10,000.00",260.00,tbormuth,332.00,2,Dec-4-2016
NBA $100K Crossover,$27.00,"4,008","$5,000.00",259.25,jhbmx,310.75,1,Dec-4-2016
NBA $70K 3-Ball,$300.00,247,"$10,000.00",262.75,wining247,306.50,3,Dec-4-2016
NBA $35K All-Star,"$1,060.00",31,"$12,000.00",261.00,bradhr,291.00,1,Dec-4-2016
NBA $20K Sharpshooter,$3.00,"7,843","$1,000.00",261.75,thomcotton,321.25,3,Dec-4-2016
NBA $20K Sharpshooter,$3.00,"7,843","$1,000.00",260.25,bugtuck,304.25,2,Dec-4-2016
NBA $15K Posterizer,$150.00,111,"$2,500.00",267.00,wining247,306.50,2,Dec-4-2016
NBA $15K And-One,$1.00,"17,647",$500.00,261.50,LuckyLeo21,324.50,1,Dec-4-2016
NBA Single Entry $5 Double Up,$5.00,"1,532",$10.00,251.50,wining247,306.50,1,Dec-4-2016
NBA $2K High Five,$5.00,470,$400.00,270.50,wining247,306.50,1,Dec-4-2016
NBA $450K Four Point Play,$4.00,"132,352","$50,000.00",288.50,buddy0623,385.50,11,Dec-5-2016
NBA $450K Power Dunk,$444.00,"1,126","$100,000.00",301.50,SaahilSud,378.00,30,Dec-5-2016
NBA $250K Crossover,$27.00,"10,704","$25,000.00",297.00,SaahilSud,378.00,150,Dec-5-2016
NBA $100K All-Star,"$1,060.00",100,"$20,000.00",302.75,dahladino,328.75,1,Dec-5-2016
NBA $40K Posterizer,$150.00,296,"$6,000.00",301.00,kingfi,349.25,3,Dec-5-2016
NBA $30K Sharpshooter,$3.00,"11,764","$1,000.00",292.00,SaahilSud,378.00,150,Dec-5-2016
NBA $30K And-One,$1.00,"35,294","$1,000.00",287.75,yoppcity,384.75,1,Dec-5-2016
NBA $25K Sky Hook,$9.00,"3,211","$1,000.00",296.25,SaahilSud,378.00,75,Dec-5-2016
NBA $20K Pump Fake,$27.00,856,"$1,500.00",294.25,mrclock,347.50,1,Dec-5-2016
NBA $20K Hot Shot,$3.00,"7,843","$1,000.00",285.75,Toothbrush,362.75,1,Dec-5-2016
NBA Single Entry $5 Double Up,$5.00,"3,448",$10.00,281.25,marklhinely,362.50,1,Dec-5-2016
NBA $5K High Five,$5.00,"1,176",$500.00,296.25,wbdavis,356.50,1,Dec-5-2016
NBA $750K SUPER Spin Move,$40.00,"21,676","$75,000.00",304.25,Awesemo,374.25,150,Dec-6-2016
NBA $375K Sharpshooter,$3.00,"147,058","$25,000.00",286.50,jdm68a,379.25,140,Dec-6-2016
NBA $250K Money Ball,$333.00,834,"$25,000.00",313.25,Awesemo,355.50,10,Dec-6-2016
NBA $100K All-Star,"$1,060.00",100,"$20,000.00",327.00,scout326,352.75,1,Dec-6-2016
NBA $30K Posterizer,$150.00,222,"$3,000.00",312.25,Kobe4MVP,358.50,3,Dec-6-2016
NBA $30K Sharpshooter,$3.00,"11,764","$1,000.00",262.50,darrenlesher,324.50,1,Dec-6-2016
NBA $25K Sky Hook,$9.00,"3,211","$1,000.00",309.50,ThatStunna,374.25,20,Dec-6-2016
NBA $25K And-One,$1.00,"29,411","$1,000.00",297.00,mdb770,380.25,145,Dec-6-2016
NBA $20K Pump Fake,$27.00,856,"$1,500.00",308.75,ams38862,367.25,1,Dec-6-2016
NBA Single Entry $5 Double Up,$5.00,"1,724",$10.00,295.75,tmoney123,360.75,1,Dec-6-2016
NBA $4K High Five,$5.00,941,$400.00,313.25,tmoney123,360.75,1,Dec-6-2016
NBA $400K Money Ball,$333.00,"1,334","$50,000.00",262.50,kingfi,320.50,40,Dec-7-2016
NBA $400K Four Point Play,$4.00,"117,647","$30,000.00",260.75,anilprao88,345.25,150,Dec-7-2016
NBA $300K Triple Threat,$33.00,"10,509","$30,000.00",260.25,anilprao88,345.25,150,Dec-7-2016
NBA $135K All-Star,"$1,060.00",135,"$25,000.00",260.00,Awesemo,327.75,2,Dec-7-2016
NBA $130K Thunderdome,"$5,300.00",26,"$40,000.00",250.00,Kobe4MVP,273.75,1,Dec-7-2016
NBA $45K Sharpshooter,$3.00,"17,647","$2,500.00",242.50,DonaldPhuck,304.00,1,Dec-7-2016
NBA $40K Posterizer,$150.00,296,"$6,000.00",258.00,buckwheat29,297.25,1,Dec-7-2016
NBA $30K Pump Fake,$27.00,"1,284","$3,500.00",263.25,sbrown119,317.75,2,Dec-7-2016
NBA $30K Sky Hook,$9.00,"3,853","$2,500.00",265.00,Awesemo,320.75,100,Dec-7-2016
NBA $30K And-One,$1.00,"35,294","$1,000.00",262.25,xxmiddlefingerxx,351.50,2,Dec-7-2016
NBA $25K Sharpshooter,$3.00,"9,803","$1,000.00",247.75,nolefan31,301.75,73,Dec-7-2016
NBA $15K Sharpshooter,$3.00,"5,882",$700.00,257.50,FeistOfWinterveil,332.00,150,Dec-7-2016
NBA $15K Crossover,$27.00,642,"$1,500.00",245.00,aweibley76,286.25,1,Dec-7-2016
NBA Single Entry $5 Double Up,$5.00,"3,448",$10.00,246.00,guttilla32,320.00,1,Dec-7-2016
NBA $15K Hot Shot,$3.00,"5,882",$700.00,258.00,Tim_Nick,327.25,1,Dec-7-2016
Casual NBA $10K Zone,$5.00,"2,352",$500.00,259.50,Antlanta87,330.00,1,Dec-7-2016
NBA $5K High Five,$5.00,"1,176",$500.00,263.50,Fildough,314.25,1,Dec-7-2016
NBA $450K Four Point Play,$4.00,"132,352","$50,000.00",256.75,mykie824,335.00,6,Dec-8-2016
NBA $300K Money Ball,$333.00,"1,001","$37,500.00",265.00,ChipotleAddict,310.00,30,Dec-8-2016
NBA $250K Crossover,$27.00,"10,704","$25,000.00",261.75,petteytheft89,327.25,125,Dec-8-2016
NBA $135K All-Star,"$1,060.00",130,"$25,000.00",267.25,kingfi,299.00,4,Dec-8-2016
NBA $60K Sharpshooter,$3.00,"23,529","$1,708.33",280.75,gregrum,330.50,9,Dec-8-2016
NBA $50K Posterizer,$150.00,370,"$5,000.00",254.50,e4e5nf3nc6,302.00,1,Dec-8-2016
NBA $30K Pump Fake,$27.00,"1,284","$3,500.00",261.75,connor80,314.50,3,Dec-8-2016
NBA $30K And-One,$1.00,"35,294","$1,000.00",257.00,KindJason,331.00,50,Dec-8-2016
NBA $20K Sky Hook,$9.00,"2,569","$1,000.00",264.50,rikkidee,323.25,50,Dec-8-2016
NBA $15K Hot Shot,$3.00,"5,882",$700.00,253.50,Cnewburn4655,314.75,3,Dec-8-2016
NBA $15K Crossover,$27.00,642,"$1,500.00",286.00,kingfi,327.00,15,Dec-8-2016
Casual NBA $12K Zone,$5.00,"2,636",$500.00,252.25,flames87,314.75,1,Dec-8-2016
NBA Single Entry $5 Double Up,$5.00,"2,758",$10.00,248.75,JayDime,317.75,1,Dec-8-2016
NBA $5K High Five,$5.00,"1,176",$500.00,263.25,JDUECE,302.75,1,Dec-8-2016
NBA $400K Four Point Play,$4.00,"117,647","$30,000.00",262.50,hailmary7777,360.50,150,Dec-9-2016
NBA $400K Courtside Special,"$1,500.00",296,"$100,000.00",275.25,marcz06,322.25,2,Dec-9-2016
NBA $350K Triple Threat,$33.00,"12,261","$30,000.00",267.25,WJC80,353.75,21,Dec-9-2016
NBA $275K Money Ball,$333.00,917,"$50,000.00",271.00,marcz06,322.25,2,Dec-9-2016
NBA $100K Friday Night Special,$4.00,"29,411","$4,000.00",286.25,mrnastytime91,349.00,150,Dec-9-2016
NBA $45K Posterizer,$150.00,333,"$6,000.00",269.25,SZimm98,331.50,1,Dec-9-2016
NBA $30K Pump Fake,$27.00,"1,284","$3,500.00",272.75,blackout8,334.50,3,Dec-9-2016
NBA $30K Sky Hook,$9.00,"3,853","$2,500.00",271.50,pianoclub,349.00,100,Dec-9-2016
NBA $30K Sharpshooter,$3.00,"11,256","$1,000.00",279.75,stardeon,348.50,1,Dec-9-2016
NBA $30K And-One,$1.00,"35,294","$1,000.00",263.75,rgallegos72,355.00,6,Dec-9-2016
NBA $25K All-Star,"$1,060.00",25,"$10,000.00",264.00,Jazzraz,281.50,1,Dec-9-2016
NBA $20K Sharpshooter,$3.00,"7,843","$1,000.00",261.50,pianoclub,349.00,150,Dec-9-2016
NBA $20K Crossover,$27.00,856,"$1,500.00",287.00,AlBundyOnPEDs,349.00,1,Dec-9-2016
NBA $15K Hot Shot,$3.00,"5,882",$500.00,261.25,kjh95,349.00,3,Dec-9-2016
NBA Single Entry $5 Double Up,$5.00,"2,758",$10.00,254.00,Dezpair,346.00,1,Dec-9-2016
Casual NBA $10K Zone,$5.00,"2,352",$500.00,258.50,kjh95,349.00,1,Dec-9-2016
NBA $10K Zone,$5.00,"2,352",$500.00,262.50,643dp,334.50,1,Dec-9-2016
NBA $5K High Five,$5.00,"1,176",$500.00,272.75,Gunners06,337.00,1,Dec-9-2016
NBA $400K Sharpshooter,$3.00,"156,862","$25,000.00",246.50,Schaefercity,335.00,4,Nov-10-2016
NBA $300K Money Ball,$333.00,978,"$37,500.00",245.00,hskr54,302.00,1,Nov-10-2016
NBA $275K Crossover,$27.00,"11,251","$25,000.00",243.75,finsup2015,321.50,37,Nov-10-2016
NBA $100K All-Star,"$1,060.00",100,"$20,000.00",250.50,caguinaga,281.00,3,Nov-10-2016
NBA GIANT $25 Double Up,$25.00,"3,448",$50.00,225.25,doggy024,305.50,3,Nov-10-2016
NBA GIANT $5 Double Up,$5.00,"15,176",$10.00,225.50,ThaDirtyBird,318.25,1,Nov-10-2016
NBA $40K Posterizer,$150.00,296,"$6,000.00",246.75,kcajjack15,287.50,1,Nov-10-2016
NBA GIANT $10 Double Up,$10.00,"3,448",$20.00,222.75,Hoopihan,302.50,1,Nov-10-2016
NBA $25K Sky Hook,$9.00,"3,211","$1,000.00",247.00,ndiaz10457,304.50,1,Nov-10-2016
NBA $25K And-One,$1.00,"29,411","$1,000.00",248.75,t_snyder77,327.25,24,Nov-10-2016
Casual NBA $20K Zone,$5.00,"4,647","$2,500.00",250.75,Buchananboy,312.50,1,Nov-10-2016
NBA $15K Pump Fake,$27.00,642,"$1,500.00",242.75,cdaddy21,290.25,1,Nov-10-2016
NBA $15K Hot Shot,$3.00,"5,882",$700.00,243.75,mayostax305,318.25,1,Nov-10-2016
NBA Single Entry $25 Double Up,$25.00,689,$50.00,229.75,arybeats,296.75,1,Nov-10-2016
NBA Single Entry $5 Double Up,$5.00,"2,298",$10.00,232.50,reggiebean7,325.50,1,Nov-10-2016
NBA $4K High Five,$5.00,941,$400.00,251.25,streaks24,303.50,1,Nov-10-2016
NBA $400K Four Point Play,$4.00,"117,647","$30,000.00",276.25,ollstar,373.25,8,Nov-11-2016
NBA $400K Courtside Special,"$1,500.00",296,"$100,000.00",288.75,aafilli,346.25,1,Nov-11-2016
NBA $350K Bird,$33.00,"12,261","$30,000.00",283.75,B3LI3V3,361.50,5,Nov-11-2016
NBA $250K Money Ball,$333.00,834,"$50,000.00",288.00,B3LI3V3,361.50,5,Nov-11-2016
NBA GIANT $25 Double Up,$25.00,"3,908",$50.00,267.25,aafilli,346.25,1,Nov-11-2016
NBA GIANT $5 Double Up,$5.00,"17,241",$10.00,269.50,jazzded2,353.25,3,Nov-11-2016
NBA $45K Posterizer,$150.00,333,"$6,000.00",285.25,JmoFoShoSUCKA,351.50,2,Nov-11-2016
NBA GIANT $10 Double Up,$10.00,"4,022",$20.00,272.00,brbloomy,343.00,2,Nov-11-2016
NBA $30K And-One,$1.00,"35,294","$1,000.00",276.50,faulkmv,360.50,2,Nov-11-2016
NBA $30K Sky Hook,$9.00,"3,853","$2,500.00",288.25,REDCOAT85,345.75,100,Nov-11-2016
NBA $25K All-Star,"$1,060.00",25,"$10,000.00",306.00,Kunu88,342.00,1,Nov-11-2016
NBA $20K Pump Fake,$27.00,856,"$1,500.00",283.75,Kunu88,342.00,3,Nov-11-2016
NBA Single Entry $25 Double Up,$25.00,919,$50.00,268.25,aafilli,346.25,1,Nov-11-2016
NBA $2 Double Up,$2.00,"8,620",$4.00,269.00,billybebop57,345.50,50,Nov-11-2016
NBA $15K Hot Shot,$3.00,"5,882",$700.00,274.75,rgwayman64,353.50,3,Nov-11-2016
Casual NBA $15K Zone,$5.00,"3,529",$700.00,274.50,LookatyaCous,355.50,2,Nov-11-2016
NBA Single Entry $5 Double Up,$5.00,"2,298",$10.00,266.50,Nmock3,350.75,1,Nov-11-2016
NBA $5K High Five,$5.00,"1,176",$500.00,290.00,Nmock3,350.75,1,Nov-11-2016
NBA $1M MEGA Bird,$33.00,"33,167","$100,000.00",291.25,TheClone,373.25,150,Nov-1-2016
NBA $400K Baby Bird,$3.00,"156,862","$25,000.00",284.50,Awesemo,376.25,150,Nov-1-2016
NBA $300K Money Ball,$333.00,"1,001","$50,000.00",303.25,SaahilSud,364.50,30,Nov-1-2016
NBA $135K All-Star,"$1,060.00",135,"$25,000.00",311.75,aejones,345.00,3,Nov-1-2016
NBA GIANT $5 Double Up,$5.00,"17,241",$10.00,297.75,TheBigTicket,370.00,9,Nov-1-2016
NBA GIANT $25 Double Up,$25.00,"3,218",$50.00,303.50,EmileHeskey,369.00,75,Nov-1-2016
NBA $50K Four Point Play,$4.00,"14,705","$3,000.00",299.25,TheClone,373.25,150,Nov-1-2016
NBA $10 Double Up,$10.00,"5,172",$20.00,303.50,TheBigTicket,370.00,9,Nov-1-2016
NBA $40K And-One,$1.00,"47,058","$2,000.00",286.50,TheClone,373.25,50,Nov-1-2016
NBA $40K Posterizer,$150.00,296,"$6,000.00",304.75,bcalicore,360.00,3,Nov-1-2016
Casual NBA $20K Sharpshooter,$3.00,"7,843",$800.00,281.25,wildenn1985,370.25,1,Nov-1-2016
NBA $20K Sky Hook,$9.00,"2,569","$1,000.00",296.25,SaahilSud,364.50,75,Nov-1-2016
NBA $15K Zone,$5.00,"3,529",$700.00,298.75,ADH6676,369.00,5,Nov-1-2016
NBA $2 Double Up,$2.00,"8,620",$4.00,297.25,TheBigTicket,370.00,6,Nov-1-2016
NBA Single Entry $5 Double Up,$5.00,"3,448",$10.00,282.00,geardaddy,363.75,1,Nov-1-2016
NBA $15K Hot Shot,$3.00,"5,882",$700.00,286.00,Mokinj1,363.75,3,Nov-1-2016
NBA $15K Pump Fake,$27.00,642,"$1,500.00",296.75,fallfromgrace,376.25,3,Nov-1-2016
NBA $50 Double Up,$50.00,340,$100.00,299.00,kelexiong,363.25,4,Nov-1-2016
NBA $5K High Five,$5.00,"1,176",$500.00,301.25,scott412,365.00,1,Nov-1-2016
NBA $400K Saturday Spin Move,$40.00,"11,560","$50,000.00",278.25,scout326,357.75,150,Nov-12-2016
NBA $300K Sharpshooter,$3.00,"117,646","$18,333.33",270.50,stoney12,364.25,13,Nov-12-2016
NBA $200K Power Dribble,$400.00,555,"$25,000.00",277.25,scout326,356.25,15,Nov-12-2016
NBA $100K All-Star,"$1,060.00",100,"$20,000.00",289.00,gatorfan1025,329.50,1,Nov-12-2016
NBA GIANT $25 Double Up,$25.00,"2,988",$50.00,280.25,rodcreamsickle,341.25,2,Nov-12-2016
NBA GIANT $5 Double Up,$5.00,"14,942",$10.00,269.75,TortureTest,349.00,4,Nov-12-2016
NBA $40K Posterizer,$150.00,296,"$6,000.00",281.00,scout326,326.50,3,Nov-12-2016
NBA $35K Sky Hook,$9.00,"4,495","$3,000.00",281.75,scout326,356.25,100,Nov-12-2016
NBA $30K And-One,$1.00,"35,294","$1,000.00",269.50,scout326,356.25,50,Nov-12-2016
NBA GIANT $10 Double Up,$10.00,"3,448",$20.00,275.50,rodcreamsickle,341.25,2,Nov-12-2016
NBA $20K Pump Fake,$27.00,856,"$1,500.00",278.75,rodcreamsickle,341.25,2,Nov-12-2016
NBA $15K Hot Shot,$3.00,"5,882",$700.00,269.00,beardownbj,343.50,3,Nov-12-2016
NBA $15K Four Point Play,$4.00,"4,411","$1,250.00",284.75,scout326,356.25,100,Nov-12-2016
NBA Single Entry $25 Double Up,$25.00,689,$50.00,268.50,cmerullo248,337.25,1,Nov-12-2016
NBA Single Entry $5 Double Up,$5.00,"2,298",$10.00,263.75,rodcreamsickle,341.25,1,Nov-12-2016
NBA $5K High Five,$5.00,"1,176",$500.00,280.00,Gunners06,334.25,1,Nov-12-2016
NBA $200K Four Point Play,$4.00,"58,823","$10,000.00",300.75,central34,403.00,1,Nov-13-2016
NBA $70K Crossover,$27.00,"2,997","$10,000.00",322.25,mattstan16,389.75,1,Nov-13-2016
NBA $60K 3-Ball,$300.00,222,"$8,000.00",318.25,frankiev3922,378.75,3,Nov-13-2016
NBA $25K All-Star,"$1,060.00",25,"$10,000.00",341.75,frankiev3922,378.75,1,Nov-13-2016
NBA $25K Sharpshooter,$3.00,"9,803","$1,000.00",284.50,Razz_Dingo,344.50,1,Nov-13-2016
NBA GIANT $25 Double Up,$25.00,919,$50.00,317.75,jjsallmaddenteam,376.75,1,Nov-13-2016
NBA $5 Double Up,$5.00,"3,448",$10.00,311.50,billybebop57,388.00,100,Nov-13-2016
NBA $15K Posterizer,$150.00,111,"$3,000.00",323.00,jmac1204,401.50,1,Nov-13-2016
NBA Single Entry $5 Double Up,$5.00,919,$10.00,290.25,Darkvayne,384.50,1,Nov-13-2016
NBA $2K High Five,$5.00,470,$310.00,319.50,jmryan1234,392.00,1,Nov-13-2016
NBA $600K Power Dunk,$444.00,"1,501","$150,000.00",271.50,Assani,319.00,31,Nov-14-2016
NBA $500K Four Point Play,$4.00,"147,058","$50,000.00",256.75,AshyL4rry,339.25,150,Nov-14-2016
NBA $200K Crossover,$27.00,"8,563","$10,000.00",268.25,b8m4s,328.00,4,Nov-14-2016
NBA $135K All-Star,"$1,060.00",132,"$25,000.00",279.75,brianlefevre,317.25,4,Nov-14-2016
NBA GIANT $5 Double Up,$5.00,"16,091",$10.00,261.50,chrisherne,330.50,10,Nov-14-2016
NBA GIANT $25 Double Up,$25.00,"3,218",$50.00,265.50,Jthayesjr,318.75,8,Nov-14-2016
NBA $40K Posterizer,$150.00,296,"$6,000.00",272.75,pianoclub,315.75,3,Nov-14-2016
NBA $35K And-One,$1.00,"41,176","$1,500.00",257.50,JNED85,332.25,3,Nov-14-2016
NBA GIANT $10 Double Up,$10.00,"4,022",$20.00,266.75,Jthayesjr,318.75,5,Nov-14-2016
NBA $25K Sky Hook,$9.00,"3,211","$1,000.00",269.00,scout326,327.50,75,Nov-14-2016
NBA $20K Pump Fake,$27.00,856,"$1,500.00",266.75,miamimobsters,322.75,1,Nov-14-2016
NBA Single Entry $25 Double Up,$25.00,919,$50.00,257.50,Jthayesjr,318.75,1,Nov-14-2016
NBA $2 Double Up,$2.00,"8,620",$4.00,259.50,jmechristian,319.00,15,Nov-14-2016
NBA $15K Hot Shot,$3.00,"5,882",$700.00,255.00,Jordy51,322.75,2,Nov-14-2016
NBA $100 Double Up,$100.00,166,$200.00,262.25,Kobe4MVP,305.00,4,Nov-14-2016
NBA Single Entry $5 Double Up,$5.00,"2,758",$10.00,253.75,chadez,339.50,1,Nov-14-2016
NBA $4K High Five,$5.00,941,$400.00,269.50,BigBlue1152,318.75,1,Nov-14-2016
NBA $450K Bird,$33.00,"15,764","$50,000.00",291.00,dolfan1300,375.75,1,Nov-15-2016
NBA $400K Sharpshooter,$3.00,"156,862","$25,000.00",283.25,ayoung12258,380.00,1,Nov-15-2016
NBA $300K Money Ball,$333.00,"1,001","$50,000.00",292.00,brianlefevre,361.50,18,Nov-15-2016
NBA $135K All-Star,"$1,060.00",135,"$25,000.00",291.75,brianlefevre,361.50,4,Nov-15-2016
NBA GIANT $25 Double Up,$25.00,"3,908",$50.00,274.50,carlboz,360.50,2,Nov-15-2016
NBA GIANT $5 Double Up,$5.00,"18,390",$10.00,274.00,chrisborlandlegacy,373.25,1,Nov-15-2016
NBA $50K Posterizer,$150.00,370,"$5,000.00",285.50,Notorioussog,364.50,1,Nov-15-2016
NBA GIANT $10 Double Up,$10.00,"4,597",$20.00,276.00,jdub61982,366.75,1,Nov-15-2016
NBA $35K Sky Hook,$9.00,"4,495","$3,000.00",299.50,brianlefevre,370.00,100,Nov-15-2016
NBA $30K Four Point Play,$4.00,"8,823","$1,000.00",292.50,BarOfSoap,365.25,40,Nov-15-2016
NBA $30K And-One,$1.00,"35,294",$900.00,283.25,agoerend,375.25,2,Nov-15-2016
NBA $20K Pump Fake,$27.00,856,"$1,500.00",288.75,RipeAvocado,361.00,3,Nov-15-2016
NBA $2 Double Up,$2.00,"10,344",$4.00,270.75,zeeemaq,361.00,1,Nov-15-2016
NBA $250 Double Up,$250.00,66,$500.00,273.50,ewbrowniv,328.00,1,Nov-15-2016
NBA $100 Double Up,$100.00,166,$200.00,273.50,brianlefevre,325.50,3,Nov-15-2016
NBA $50 Double Up,$50.00,340,$100.00,276.75,Notorioussog,364.50,1,Nov-15-2016
NBA $15K Hot Shot,$3.00,"5,882",$700.00,281.00,markhanalla,376.00,3,Nov-15-2016
NBA Single Entry $25 Double Up,$25.00,689,$50.00,272.00,Steadyc,355.00,1,Nov-15-2016
NBA $15K Zone,$5.00,"3,529",$700.00,296.75,Assani,365.50,72,Nov-15-2016
NBA Single Entry $5 Double Up,$5.00,"2,758",$10.00,270.25,ashylarrymp,353.75,1,Nov-15-2016
NBA $5K High Five,$5.00,"1,176",$500.00,294.75,HotCheetoAbuser,343.75,1,Nov-15-2016
NBA $450K Four Point Play,$4.00,"132,352","$50,000.00",282.25,curt777,385.50,26,Nov-16-2016
NBA $400K Money Ball,$333.00,"1,334","$50,000.00",288.50,Signature,352.25,5,Nov-16-2016
NBA $275K Crossover,$27.00,"11,774","$20,000.00",284.75,rikkidee,365.75,150,Nov-16-2016
NBA $135K All-Star,"$1,060.00",135,"$25,000.00",293.00,SaahilSud,326.75,4,Nov-16-2016
NBA GIANT $25 Double Up,$25.00,"3,908",$50.00,279.00,BazMoney,356.75,2,Nov-16-2016
NBA GIANT $5 Double Up,$5.00,"17,241",$10.00,283.25,Pejarox7620,351.00,1,Nov-16-2016
NBA GIANT $10 Double Up,$10.00,"5,172",$20.00,279.00,mrmaholla,347.75,25,Nov-16-2016
NBA $40K Posterizer,$150.00,296,"$6,000.00",291.25,AG1987,340.25,3,Nov-16-2016
NBA $40K Sharpshooter,$3.00,"15,686",$712.50,279.50,invertedcheese,379.25,150,Nov-16-2016
NBA $35K And-One,$1.00,"41,176","$1,066.67",280.75,abalonenads,379.25,50,Nov-16-2016
NBA $30K Sky Hook,$9.00,"3,853","$2,500.00",289.25,dacoltz,351.75,20,Nov-16-2016
NBA $20K Pump Fake,$27.00,856,"$1,500.00",289.75,NILKNARF,350.75,3,Nov-16-2016
NBA Single Entry $25 Double Up,$25.00,919,$50.00,277.75,davidll,348.00,1,Nov-16-2016
NBA $100 Double Up,$100.00,166,$200.00,274.00,bhy101,317.25,1,Nov-16-2016
NBA $50 Double Up,$50.00,340,$100.00,277.50,RK225,337.75,1,Nov-16-2016
NBA $2 Double Up,$2.00,"8,620",$4.00,278.00,jpbamrick,368.50,1,Nov-16-2016
NBA $15K Hot Shot,$3.00,"5,882",$700.00,282.00,TheT,357.25,1,Nov-16-2016
NBA Single Entry $5 Double Up,$5.00,"2,758",$10.00,276.50,Olorin28,349.00,1,Nov-16-2016
NBA $5K High Five,$5.00,"1,176",$500.00,293.00,sgaffney30,351.25,1,Nov-16-2016
NBA $400K Four Point Play,$4.00,"117,647","$30,000.00",256.75,EddyTheEagle,340.00,39,Nov-17-2016
NBA $300K Money Ball,$333.00,"1,001","$50,000.00",262.00,gatorfan1025,317.25,3,Nov-17-2016
NBA $225K Crossover,$27.00,"9,633","$25,000.00",260.00,REDCOAT85,330.75,150,Nov-17-2016
NBA $135K All-Star,"$1,060.00",135,"$25,000.00",263.50,Kobe4MVP,291.50,4,Nov-17-2016
NBA GIANT $25 Double Up,$25.00,"3,678",$50.00,243.00,Gettinguap4,300.00,16,Nov-17-2016
NBA GIANT $5 Double Up,$5.00,"13,793",$10.00,247.50,jdpalke60,308.75,1,Nov-17-2016
NBA $45K Posterizer,$150.00,333,"$6,000.00",258.50,Gunshow2425,300.75,1,Nov-17-2016
NBA $30K And-One,$1.00,"35,294","$1,000.00",258.00,pipes22,325.00,3,Nov-17-2016
NBA GIANT $10 Double Up,$10.00,"2,873",$20.00,243.00,jasonpeoria911,308.75,1,Nov-17-2016
NBA $25K Sky Hook,$9.00,"3,211","$1,000.00",259.50,bcalicore,316.50,75,Nov-17-2016
NBA Single Entry $25 Double Up,$25.00,919,$50.00,248.75,Trojjans88,312.25,1,Nov-17-2016
NBA $15K Pump Fake,$27.00,642,"$1,500.00",258.00,chess_is_ok,306.25,3,Nov-17-2016
NBA Single Entry $5 Double Up,$5.00,"2,758",$10.00,248.75,daniem76,309.75,1,Nov-17-2016
NBA $5K High Five,$5.00,"1,176",$500.00,263.75,ragingphilip,307.25,1,Nov-17-2016
NBA $400K Courtside Special,"$1,500.00",296,"$100,000.00",270.75,aafilli,325.25,1,Nov-18-2016
NBA $400K Four Point Play,$4.00,"117,647","$30,000.00",261.75,solid_pro,355.75,104,Nov-18-2016
NBA $375K Bird,$33.00,"13,137","$25,000.00",264.00,PetrGibbons,338.00,150,Nov-18-2016
NBA $275K Money Ball,$333.00,917,"$50,000.00",268.50,settebellu,340.50,1,Nov-18-2016
NBA MASSIVE $25 Double Up,$25.00,"4,597",$50.00,245.50,kcarrier2053,319.75,3,Nov-18-2016
NBA GIANT $5 Double Up,$5.00,"10,344",$10.00,247.25,texasbaby84,322.75,5,Nov-18-2016
NBA GIANT $5 Double Up,$5.00,"10,344",$10.00,249.00,tworedducks,327.00,7,Nov-18-2016
NBA $45K Posterizer,$150.00,333,"$6,000.00",264.00,AshyL4rry,321.50,1,Nov-18-2016
NBA $35K Sky Hook,$9.00,"4,495","$3,000.00",269.25,PetrGibbons,338.00,100,Nov-18-2016
NBA GIANT $10 Double Up,$10.00,"4,022",$20.00,244.00,TouchdownTrojans,316.25,2,Nov-18-2016
NBA $35K And-One,$1.00,"41,176","$1,500.00",262.25,Tolpeko,364.00,50,Nov-18-2016
NBA Single Entry $25 Double Up,$25.00,"1,149",$50.00,250.00,GoongaLaGoonga09,316.50,1,Nov-18-2016
NBA $25K Pump Fake,$27.00,"1,070","$1,500.00",265.25,AshyL4rry,321.50,1,Nov-18-2016
NBA $25K All-Star,"$1,060.00",25,"$10,000.00",278.25,bkbohn21,288.50,1,Nov-18-2016
NBA $20K Hot Shot,$3.00,"7,843","$1,000.00",258.75,BallBags,340.50,3,Nov-18-2016
NBA $100 Double Up,$100.00,166,$200.00,245.25,walkoff9,302.50,1,Nov-18-2016
NBA Single Entry $5 Double Up,$5.00,"3,448",$10.00,248.50,danerp,328.00,1,Nov-18-2016
NBA $2 Double Up,$2.00,"8,620",$4.00,248.75,smith6301,324.75,1,Nov-18-2016
Casual NBA $15K Zone,$5.00,"3,328",$700.00,258.75,ccausey82,355.25,8,Nov-18-2016
NBA $5K High Five,$5.00,"1,176",$415.00,268.50,AshyL4rry,321.50,1,Nov-18-2016
NBA $400K Saturday Spin Move,$40.00,"11,560","$50,000.00",279.00,BusinessDave,363.00,3,Nov-19-2016
NBA $325K Sharpshooter,$3.00,"127,450","$20,000.00",275.50,Snoop15,357.50,50,Nov-19-2016
NBA $200K Power Dribble,$400.00,555,"$25,000.00",278.00,Sweet77,349.25,2,Nov-19-2016
NBA $135K All-Star,"$1,060.00",135,"$25,000.00",286.00,Sweet77,349.25,1,Nov-19-2016
NBA GIANT $25 Double Up,$25.00,"3,218",$50.00,269.75,Zekezeke,335.50,1,Nov-19-2016
NBA $40K Posterizer,$150.00,296,"$6,000.00",283.25,bernielomax69,327.50,2,Nov-19-2016
NBA $35K Sky Hook,$9.00,"4,495","$3,000.00",283.50,SaahilSud,341.50,100,Nov-19-2016
NBA GIANT  $5 Double Up,$5.00,"8,045",$10.00,267.50,Doubleyoke,336.50,1,Nov-19-2016
NBA GIANT  $5 Double Up,$5.00,"8,045",$10.00,268.25,Doubleyoke,336.50,1,Nov-19-2016
NBA GIANT $10 Double Up,$10.00,"3,448",$20.00,267.50,mctag010,331.50,1,Nov-19-2016
NBA $25K And-One,$1.00,"29,411","$1,000.00",275.25,AGC843,355.50,11,Nov-19-2016
NBA $20K Pump Fake,$27.00,856,"$1,250.00",279.75,Binny68,331.75,1,Nov-19-2016
NBA Single Entry $25 Double Up,$25.00,919,$50.00,270.50,Joeyavanti,335.00,1,Nov-19-2016
NBA Single Entry $5 Double Up,$5.00,"3,448",$10.00,268.25,Joeweed68,347.25,1,Nov-19-2016
NBA $15K Sharpshooter,$3.00,"5,882",$700.00,265.25,aimlesskiller8282,339.25,2,Nov-19-2016
NBA $4K High Five,$5.00,941,$400.00,282.00,aatreyu,346.75,1,Nov-19-2016
NBA $200K Sharpshooter,$3.00,"78,431","$8,500.00",287.00,TheCommish,391.50,48,Nov-20-2016
NBA $100K Crossover,$27.00,"4,281","$5,000.00",294.00,kingfi,385.25,125,Nov-20-2016
NBA $65K 3-Ball,$300.00,240,"$7,000.00",300.00,MJordan23,365.50,1,Nov-20-2016
NBA $30K All-Star,"$1,060.00",30,"$10,000.00",310.50,letsgocubs3493,334.00,1,Nov-20-2016
NBA $30K Sharpshooter,$3.00,"11,764",$833.33,261.00,Lunacy3,330.50,150,Nov-20-2016
NBA GIANT $25 Double Up,$25.00,919,$50.00,282.50,MJordan23,365.50,2,Nov-20-2016
NBA $20K Sharpshooter,$3.00,"7,843",$637.50,136.50,DaStudent,228.00,1,Nov-20-2016
NBA $15K And-One,$1.00,"17,647",$500.00,286.25,kingfi,385.25,50,Nov-20-2016
NBA $15K Posterizer,$150.00,111,"$3,000.00",293.25,walkoff9,346.25,3,Nov-20-2016
NBA Single Entry $5 Double Up,$5.00,"1,149",$10.00,274.75,peterock75,366.00,1,Nov-20-2016
NBA $3K High Five,$5.00,705,$400.00,301.50,akoehlho,367.75,1,Nov-20-2016
NBA $500K Four Point Play,$4.00,"147,058","$50,000.00",272.00,jhowes9,368.25,61,Nov-21-2016
NBA $500K Power Dunk,$444.00,"1,251","$100,000.00",284.50,kingfi,345.75,35,Nov-21-2016
NBA $250K Crossover,$27.00,"10,704","$25,000.00",281.75,Kobe4MVP,351.50,150,Nov-21-2016
NBA $135K All-Star,"$1,060.00",135,"$25,000.00",290.75,DraftCheat,321.75,3,Nov-21-2016
NBA GIANT $25 Double Up,$25.00,"3,448",$50.00,281.00,dabecka,335.50,1,Nov-21-2016
NBA $50K Posterizer,$150.00,370,"$5,000.00",281.00,kingfi,351.25,3,Nov-21-2016
NBA GIANT $5 Double Up,$5.00,"9,195",$10.00,276.50,Beastmode615,332.25,1,Nov-21-2016
NBA GIANT $5 Double Up,$5.00,"9,195",$10.00,275.00,crabman17,332.75,14,Nov-21-2016
NBA $35K And-One,$1.00,"41,176","$1,500.00",273.25,mozingo101380,348.50,2,Nov-21-2016
NBA GIANT $10 Double Up,$10.00,"4,022",$20.00,276.50,Utahby5,330.50,3,Nov-21-2016
NBA $30K Sky Hook,$9.00,"3,853","$2,500.00",287.75,MoneyMatt711,349.25,3,Nov-21-2016
NBA $25K Pump Fake,$27.00,"1,070","$2,000.00",280.00,MoneyMatt711,349.25,1,Nov-21-2016
NBA $20K Hot Shot,$3.00,"7,843","$1,000.00",271.75,Doctoridiot,357.50,1,Nov-21-2016
NBA Single Entry $25 Double Up,$25.00,689,$50.00,269.75,Beastmode615,332.25,1,Nov-21-2016
NBA $2 Double Up,$2.00,"8,620",$4.00,271.25,uptonogood,337.75,1,Nov-21-2016
NBA $100 Double Up,$100.00,166,$200.00,270.75,bhy101,325.00,1,Nov-21-2016
NBA Single Entry $5 Double Up,$5.00,"2,298",$10.00,267.50,huckitchuckitfootbal,334.25,1,Nov-21-2016
NBA $5K High Five,$5.00,"1,176",$500.00,285.50,Beastmode615,332.25,1,Nov-21-2016
NBA $600K MEGA Four Point Play,$4.00,"165,285","$50,000.00",257.25,BigDeal1252,366.00,150,Nov-2-2016
NBA $450K SUPER Money Ball,$333.00,"1,501","$100,000.00",272.25,WesleyChan,343.50,6,Nov-2-2016
NBA $300K Crossover,$27.00,"12,845","$30,000.00",263.25,underjones,362.75,150,Nov-2-2016
NBA $135K All-Star,"$1,060.00",135,"$25,000.00",272.00,Kobe4MVP,337.50,4,Nov-2-2016
NBA MASSIVE $25 Double Up,$25.00,"4,597",$50.00,251.50,Assani,337.00,1,Nov-2-2016
NBA GIANT $5 Double Up,$5.00,"19,540",$10.00,251.75,NPStollings,341.25,1,Nov-2-2016
NBA $70K Sharpshooter,$3.00,"27,450","$3,250.00",252.50,junodog45,297.50,13,Nov-2-2016
NBA GIANT $10 Double Up,$10.00,"5,747",$20.00,259.00,Assani,337.00,1,Nov-2-2016
NBA $45K Posterizer,$150.00,333,"$6,000.00",267.00,Kobe4MVP,337.50,3,Nov-2-2016
NBA $40K Sky Hook,$9.00,"5,138","$2,000.00",268.75,underjones,362.75,150,Nov-2-2016
NBA $40K And-One,$1.00,"47,058","$2,000.00",258.75,jkrop17,356.00,7,Nov-2-2016
NBA $30K Hot Shot,$3.00,"11,764",$900.00,257.50,Mocexx,353.25,2,Nov-2-2016
NBA $30K Sharpshooter,$3.00,"11,764",$900.00,248.25,suidmach,304.25,150,Nov-2-2016
NBA $20K Crossover,$27.00,856,"$1,500.00",257.50,Awesemo,295.75,10,Nov-2-2016
Casual NBA $20K Sharpshooter,$3.00,"7,843",$800.00,255.50,Gulliver13,341.50,2,Nov-2-2016
NBA $20K Pump Fake,$27.00,856,"$1,500.00",265.00,1350978425,334.75,3,Nov-2-2016
NBA $2 Double Up,$2.00,"10,344",$4.00,256.25,ealcazar,357.75,1,Nov-2-2016
NBA $100 Double Up,$100.00,188,$200.00,257.00,Assani,337.00,1,Nov-2-2016
NBA $50 Double Up,$50.00,363,$100.00,246.00,Assani,337.00,1,Nov-2-2016
NBA $15K Crossover,$27.00,642,"$1,500.00",251.50,TheVelvetFog,300.25,1,Nov-2-2016
NBA Single Entry $25 Double Up,$25.00,689,$50.00,252.75,underjones,322.75,1,Nov-2-2016
NBA Single Entry $5 Double Up,$5.00,"3,448",$10.00,248.00,Modded1,349.00,1,Nov-2-2016
NBA $6K High Five,$5.00,"1,411",$600.00,271.50,campbell0021,342.25,1,Nov-2-2016
NBA $500K Four Point Play,$4.00,"147,058","$50,000.00",254.25,Cheersss,348.25,6,Nov-22-2016
NBA $300K Bird,$33.00,"10,509","$30,000.00",262.00,pianoclub,332.75,150,Nov-22-2016
NBA $275K Money Ball,$333.00,917,"$50,000.00",267.25,Awesemo,337.50,6,Nov-22-2016
NBA $100K All-Star,"$1,060.00",100,"$20,000.00",271.75,youdacao,293.00,3,Nov-22-2016
NBA GIANT $25 Double Up,$25.00,"3,448",$50.00,258.75,mixedup,318.50,1,Nov-22-2016
NBA $45K Posterizer,$150.00,333,"$6,000.00",263.75,Rickwolfe,316.00,1,Nov-22-2016
NBA $35K Sky Hook,$9.00,"4,495","$3,000.00",267.75,WPalmer2014,323.50,3,Nov-22-2016
NBA GIANT $5 Double Up,$5.00,"8,045",$10.00,262.50,fallfromgrace,321.00,50,Nov-22-2016
NBA GIANT $5 Double Up,$5.00,"8,045",$10.00,263.00,algetrig,319.25,1,Nov-22-2016
NBA GIANT $10 Double Up,$10.00,"3,448",$20.00,261.50,mercer3030,324.00,2,Nov-22-2016
NBA $25K And-One,$1.00,"29,411",$850.00,259.00,peteypete,335.25,9,Nov-22-2016
NBA $25K Pump Fake,$27.00,"1,070","$2,000.00",259.25,dfsruss,317.25,3,Nov-22-2016
NBA Single Entry $25 Double Up,$25.00,919,$50.00,252.00,ThatStunna,321.00,1,Nov-22-2016
NBA $2 Double Up,$2.00,"8,620",$4.00,259.75,Gentry713,323.25,2,Nov-22-2016
NBA $15K Sharpshooter,$3.00,"5,882",$700.00,258.50,gavinwebster,340.50,1,Nov-22-2016
NBA $15K Hot Shot,$3.00,"5,882",$700.00,253.75,traweezy87,330.00,1,Nov-22-2016
NBA Single Entry $5 Double Up,$5.00,"2,298",$10.00,249.25,handrick,337.75,1,Nov-22-2016
NBA $4K High Five,$5.00,941,$325.00,266.50,MRL18,316.00,1,Nov-22-2016
NBA $500K Money Ball,$333.00,"1,668","$100,000.00",275.00,aejones,357.25,50,Nov-23-2016
NBA $400K Four Point Play,$4.00,"117,647","$30,000.00",271.25,sixers1212,377.50,2,Nov-23-2016
NBA $250K Crossover,$27.00,"10,704","$25,000.00",276.50,SaahilSud,375.00,150,Nov-23-2016
NBA $135K All-Star,"$1,060.00",135,"$25,000.00",278.50,Kobe4MVP,342.75,4,Nov-23-2016
NBA GIANT $25 Double Up,$25.00,"3,448",$50.00,267.75,ldt1979,330.25,2,Nov-23-2016
NBA $60K Sharpshooter,$3.00,"23,529","$4,000.00",255.00,sploush,289.50,40,Nov-23-2016
NBA $40K Posterizer,$150.00,296,"$6,000.00",273.50,Kobe4MVP,342.75,3,Nov-23-2016
NBA GIANT $5 Double Up,$5.00,"8,045",$10.00,260.25,scrims802,367.00,2,Nov-23-2016
NBA GIANT $5 Double Up,$5.00,"8,045",$10.00,260.00,domgray6,350.00,1,Nov-23-2016
NBA GIANT $10 Double Up,$10.00,"3,448",$20.00,260.25,walrus94,332.00,2,Nov-23-2016
NBA $30K Sky Hook,$9.00,"3,853","$2,500.00",282.25,SaahilSud,375.00,100,Nov-23-2016
NBA $30K And-One,$1.00,"35,294","$1,000.00",273.75,Grayson22215,364.75,1,Nov-23-2016
NBA $25K Sharpshooter,$3.00,"9,803","$1,000.00",244.75,buckdup,309.50,1,Nov-23-2016
NBA $20K Sharpshooter,$3.00,"7,843","$1,000.00",244.00,hjbreton,292.50,12,Nov-23-2016
NBA $20K Pump Fake,$27.00,856,"$1,500.00",272.25,Cwhitbord,346.25,1,Nov-23-2016
NBA Single Entry $25 Double Up,$25.00,689,$50.00,258.50,MEGATRONSGUN,348.50,1,Nov-23-2016
NBA $15K Crossover,$27.00,642,"$1,500.00",254.50,Jlentz10,284.50,1,Nov-23-2016
NBA Single Entry $5 Double Up,$5.00,"2,298",$10.00,259.00,MEGATRONSGUN,348.50,1,Nov-23-2016
NBA $4K High Five,$5.00,941,$400.00,277.00,cskwerski,344.25,1,Nov-23-2016
NBA $500K Four Point Play,$4.00,"147,058","$30,000.00",288.25,mygirlchief,387.75,12,Nov-25-2016
NBA $400K Triple Threat,$33.00,"14,012","$50,000.00",296.50,mygirlchief,387.75,8,Nov-25-2016
NBA $400K Courtside Special,"$1,500.00",296,"$100,000.00",312.75,EMSBRO,357.75,1,Nov-25-2016
NBA $275K Money Ball,$333.00,917,"$50,000.00",306.00,EMSBRO,357.75,1,Nov-25-2016
NBA $65K Sharpshooter,$3.00,"22,362","$4,000.00",273.25,mjordantmac,325.25,150,Nov-25-2016
NBA $45K Sharpshooter,$3.00,"17,647","$2,000.00",263.25,Johnbosco11,297.25,4,Nov-25-2016
NBA $45K Posterizer,$150.00,333,"$6,000.00",304.50,fortheoffice,343.75,3,Nov-25-2016
NBA $40K Sharpshooter,$3.00,"15,686","$1,000.00",263.50,BrutustheBengal,356.50,1,Nov-25-2016
NBA $35K Sky Hook,$9.00,"4,495","$2,500.00",304.75,pianoclub,363.50,100,Nov-25-2016
NBA $35K And-One,$1.00,"41,176","$1,500.00",288.00,brandonortegaa,378.25,50,Nov-25-2016
NBA $35K Sharpshooter,$3.00,"13,725","$2,000.00",309.25,GoldieLu,385.00,3,Nov-25-2016
NBA $30K Pump Fake,$27.00,"1,284","$1,960.00",310.25,wells81,354.75,1,Nov-25-2016
NBA $25K All-Star,"$1,060.00",25,"$10,000.00",314.75,fortheoffice,343.75,1,Nov-25-2016
NBA $20K Hot Shot,$3.00,"7,843","$1,000.00",289.75,werewolvesoflondon,360.00,3,Nov-25-2016
NBA $20K Casual Zone,$5.00,"3,961","$2,500.00",278.75,TLKGREEDY1,355.00,2,Nov-25-2016
NBA $20K Crossover,$27.00,851,"$1,500.00",279.00,ebra03,322.25,1,Nov-25-2016
NBA $15K Crossover,$27.00,642,"$1,500.00",264.25,Awesemo,315.75,15,Nov-25-2016
NBA Single Entry $5 Double Up,$5.00,"2,758",$10.00,288.00,tnarron,355.00,1,Nov-25-2016
NBA $5K High Five,$5.00,"1,176",$167.50,307.00,MRL18,354.75,1,Nov-25-2016
NBA $425K Saturday Spin Move,$40.00,"12,283","$50,000.00",278.75,juanshen,343.00,75,Nov-26-2016
NBA $325K Sharpshooter,$3.00,"127,450","$20,000.00",270.50,claybar,349.25,150,Nov-26-2016
NBA $200K Power Dribble,$400.00,547,"$25,000.00",279.50,goudsaab,329.75,1,Nov-26-2016
NBA $40K Posterizer,$150.00,296,"$6,000.00",285.50,wakeywakey,325.25,1,Nov-26-2016
NBA $35K Sky Hook,$9.00,"4,495","$3,000.00",284.50,skacle,339.50,1,Nov-26-2016
NBA $30K And-One,$1.00,"35,294",$900.00,271.25,3nice5u,347.25,50,Nov-26-2016
NBA $25K Pump Fake,$27.00,"1,070","$1,500.00",279.50,nvarano,327.00,1,Nov-26-2016
NBA $15K Four Point Play,$4.00,"4,411","$1,250.00",283.00,skacle,339.50,1,Nov-26-2016
NBA Single Entry $5 Double Up,$5.00,"2,758",$10.00,261.25,HA_RY_N,330.00,1,Nov-26-2016
NBA $5K High Five,$5.00,"1,176",$500.00,283.00,skacle,339.50,1,Nov-26-2016
NBA $200K Four Point Play,$4.00,"58,823","$10,000.00",277.50,mhart1274,345.75,1,Nov-27-2016
NBA $100K Crossover,$27.00,"4,281","$5,000.00",280.25,bcalicore,336.00,125,Nov-27-2016
NBA $80K 3-Ball,$300.00,296,"$10,000.00",280.50,shawnzhan,328.25,8,Nov-27-2016
NBA $45K All-Star,"$1,060.00",45,"$12,000.00",286.75,shawnzhan,316.75,1,Nov-27-2016
NBA $30K Sharpshooter,$3.00,"11,764","$1,000.00",259.00,Ucla1990,311.00,1,Nov-27-2016
NBA $20K Sharpshooter,$3.00,"7,843","$1,000.00",268.25,Woody56,324.75,1,Nov-27-2016
NBA $20K Sharpshooter,$3.00,"7,843","$1,000.00",310.75,chrislgibson,364.75,25,Nov-27-2016
NBA $15K And-One,$1.00,"17,647",$500.00,277.25,cbacon14,345.00,1,Nov-27-2016
NBA $15K Posterizer,$150.00,111,"$3,000.00",285.75,KaiBang,318.25,1,Nov-27-2016
NBA $15K Sharpshooter,$3.00,"5,882",$700.00,276.75,Barnes2,347.00,7,Nov-27-2016
NBA Single Entry $5 Double Up,$5.00,"1,724",$10.00,268.25,mhart1274,345.75,1,Nov-27-2016
NBA $3K High Five,$5.00,705,$400.00,282.75,bobbalooga,318.25,1,Nov-27-2016
NBA $500K High Flyer Warmup,$444.00,"1,251","$100,000.00",291.25,Sull,341.25,1,Nov-28-2016
NBA $500K Four Point Play,$4.00,"147,058","$50,000.00",281.00,swellmuth,369.75,17,Nov-28-2016
NBA $300K Crossover,$27.00,"12,845","$30,000.00",310.75,rjoffayal,358.00,1,Nov-28-2016
NBA $100K All-Star,"$1,060.00",100,"$20,000.00",287.50,GigoloBloodline,329.25,1,Nov-28-2016
NBA $50K Posterizer,$150.00,370,"$5,000.00",283.50,KJ15,324.75,1,Nov-28-2016
NBA $35K Sky Hook,$9.00,"4,495","$3,000.00",289.50,TheClone,350.50,100,Nov-28-2016
NBA $30K And-One,$1.00,"35,294","$1,000.00",280.75,TBuzz03,352.00,2,Nov-28-2016
NBA $20K Hot Shot,$3.00,"7,843","$1,000.00",280.75,Dolo314,358.25,1,Nov-28-2016
NBA $20K Pump Fake,$27.00,856,"$1,500.00",288.00,TRMP31,339.75,3,Nov-28-2016
NBA Single Entry $5 Double Up,$5.00,"3,448",$10.00,319.50,billsfan777,340.75,1,Nov-28-2016
NBA $4K High Five,$5.00,941,$400.00,291.25,f-porcino,350.50,1,Nov-28-2016
NBA $500K Four Point Play,$4.00,"147,058","$50,000.00",269.00,tim99cubs,391.50,2,Nov-29-2016
NBA $375K Triple Threat,$33.00,"12,579","$30,000.00",279.00,chess_is_ok,386.75,150,Nov-29-2016
NBA $333K Money Ball,$333.00,"1,038","$50,000.00",286.50,peter413,377.00,2,Nov-29-2016
NBA $135K All-Star,"$1,060.00",131,"$25,000.00",294.00,BraveCowboy,332.25,1,Nov-29-2016
NBA $50K Posterizer,$150.00,370,"$5,000.00",290.50,bigearl27,371.50,1,Nov-29-2016
NBA $35K Sky Hook,$9.00,"4,495","$3,000.00",286.50,kingfi,384.75,100,Nov-29-2016
NBA $30K Pump Fake,$27.00,"1,284","$3,500.00",291.25,rcoswalt,384.75,1,Nov-29-2016
NBA $30K And-One,$1.00,"35,294","$1,000.00",267.75,Bigo_1,380.50,21,Nov-29-2016
NBA $15K Hot Shot,$3.00,"5,882",$700.00,265.50,EskimoBrah,379.50,2,Nov-29-2016
NBA Single Entry $5 Double Up,$5.00,"2,298",$10.00,259.25,MAJstanley,364.75,1,Nov-29-2016
NBA $5K High Five,$5.00,"1,176",$500.00,286.25,JLandrith,371.00,1,Nov-29-2016
NBA $1.25M High Flyer,$400.00,"3,332","$250,000.00",283.75,Jberg1679,361.75,21,Nov-30-2016
NBA $450K Low Flyer,$4.00,"132,352","$50,000.00",266.50,broncos1975,379.25,5,Nov-30-2016
NBA $300K Medium Flyer,$40.00,"8,670","$25,000.00",280.50,REDCOAT85,368.75,150,Nov-30-2016
NBA $40K All-Star,"$1,060.00",40,"$12,000.00",288.75,shocae,312.25,1,Nov-30-2016
NBA $35K Sky Hook,$9.00,"4,495","$3,000.00",283.50,Kobe4MVP,373.00,100,Nov-30-2016
NBA $30K Posterizer,$150.00,222,"$3,000.00",278.25,grtwhitehoop,347.00,2,Nov-30-2016
NBA $30K And-One,$1.00,"35,294","$1,000.00",268.25,jsdirkes,373.25,1,Nov-30-2016
NBA $25K Pump Fake,$27.00,"1,070","$2,000.00",278.00,grtwhitehoop,347.00,3,Nov-30-2016
NBA $25K Hot Shot,$3.00,"9,803","$1,000.00",267.25,JayLu283,381.75,2,Nov-30-2016
NBA Single Entry $5 Double Up,$5.00,"2,298",$10.00,261.25,gatorguy231,366.25,1,Nov-30-2016
NBA $5K High Five,$5.00,"1,176",$415.00,281.50,gatorguy231,366.25,1,Nov-30-2016
NBA $375K Sharpshooter,$3.00,"147,058","$25,000.00",260.25,anilprao88,356.25,150,Nov-3-2016
NBA $300K Money Ball,$333.00,"1,001","$50,000.00",276.25,shawnzhan,335.75,10,Nov-3-2016
NBA $275K Crossover,$27.00,"11,774","$25,000.00",274.00,anilprao88,356.25,150,Nov-3-2016
NBA $100K All-Star,"$1,060.00",100,"$20,000.00",286.50,ARaven52,314.75,3,Nov-3-2016
NBA GIANT $25 Double Up,$25.00,"3,448",$50.00,270.50,wbcam5,322.25,2,Nov-3-2016
NBA GIANT $5 Double Up,$5.00,"17,241",$10.00,261.25,dustinwolfe82,345.50,1,Nov-3-2016
NBA $40K Posterizer,$150.00,296,"$6,000.00",274.75,Awesemo,321.25,3,Nov-3-2016
NBA GIANT $10 Double Up,$10.00,"3,448",$20.00,269.75,johnnybeau,322.00,1,Nov-3-2016
NBA $30K And-One,$1.00,"35,294","$1,000.00",264.25,patty6767,347.25,2,Nov-3-2016
NBA $25K Sky Hook,$9.00,"3,211","$1,000.00",276.50,Awesemo,336.75,32,Nov-3-2016
NBA $20K Hot Shot,$3.00,"7,843","$1,000.00",259.00,dpjl24,348.00,3,Nov-3-2016
NBA $20K Pump Fake,$27.00,856,"$1,500.00",270.00,ThatStunna,335.00,3,Nov-3-2016
Casual NBA $15K Zone,$5.00,"3,529",$600.00,263.50,MichaelBins,329.00,10,Nov-3-2016
NBA $2 Double Up,$2.00,"8,620",$4.00,260.75,fallfromgrace,335.00,50,Nov-3-2016
NBA Single Entry $5 Double Up,$5.00,"2,298",$10.00,250.00,sbilheimer45,333.00,1,Nov-3-2016
NBA $5K High Five,$5.00,"1,176",$500.00,272.00,LosAngelesSlam,336.25,1,Nov-3-2016
NBA $400K Courtside Special,"$1,500.00",296,"$100,000.00",302.00,papagates,351.00,8,Nov-4-2016
NBA $400K Bird,$33.00,"14,012","$30,000.00",291.75,peterdragon,360.50,1,Nov-4-2016
NBA $375K Sharpshooter,$3.00,"147,058","$25,000.00",278.75,tmill3,377.00,1,Nov-4-2016
NBA $275K Money Ball,$333.00,917,"$50,000.00",296.75,SaahilSud,357.50,25,Nov-4-2016
NBA GIANT $25 Double Up,$25.00,"3,678",$50.00,289.50,Bigo_1,345.25,2,Nov-4-2016
NBA GIANT $5 Double Up,$5.00,"17,241",$10.00,289.25,Beardman13,354.50,3,Nov-4-2016
NBA $45K Posterizer,$150.00,333,"$6,000.00",292.50,bglenn,339.25,1,Nov-4-2016
NBA $35K And-One,$1.00,"41,176","$1,500.00",279.75,Mindalury,376.25,50,Nov-4-2016
NBA GIANT $10 Double Up,$10.00,"4,022",$20.00,289.50,SwaggyJ17,339.75,1,Nov-4-2016
NBA $25K Pump Fake,$27.00,"1,070","$2,000.00",292.75,CrimaSaad,349.00,3,Nov-4-2016
NBA $25K Sky Hook,$9.00,"3,211","$1,000.00",288.00,REDCOAT85,358.00,75,Nov-4-2016
NBA Single Entry $25 Double Up,$25.00,919,$50.00,281.75,rallen88,365.75,1,Nov-4-2016
NBA $2 Double Up,$2.00,"9,195",$4.00,289.00,JR56,345.75,12,Nov-4-2016
NBA Single Entry $5 Double Up,$5.00,"3,448",$10.00,276.75,longshotsilver9293,354.50,1,Nov-4-2016
NBA $15K Hot Shot,$3.00,"5,882",$700.00,281.25,klgolfing88,364.50,2,Nov-4-2016
NBA $15K Zone,$5.00,"3,529",$700.00,291.75,REDCOAT85,358.00,100,Nov-4-2016
Casual NBA $15K Zone,$5.00,"3,529",$700.00,279.25,waynevegas,344.25,1,Nov-4-2016
NBA $6K High Five,$5.00,"1,411",$600.00,295.50,khod21,341.75,1,Nov-4-2016
NBA $400K Saturday Spin Move,$40.00,"11,560","$50,000.00",252.00,dahladino,323.25,101,Nov-5-2016
NBA $325K Sharpshooter,$3.00,"127,450","$20,000.00",247.25,golfhater,327.00,2,Nov-5-2016
NBA $200K Power Dribble,$400.00,555,"$25,000.00",249.75,tecmo27,302.75,2,Nov-5-2016
NBA $135K All-Star,"$1,060.00",135,"$20,000.00",254.75,Kobe4MVP,299.75,4,Nov-5-2016
NBA GIANT $25 Double Up,$25.00,"3,218",$50.00,241.50,jmxthievez,300.25,1,Nov-5-2016
NBA GIANT $5 Double Up,$5.00,"16,091",$10.00,238.00,luckystar1984,307.00,2,Nov-5-2016
NBA $45K Posterizer,$150.00,333,"$6,000.00",254.50,Jazzraz,306.75,3,Nov-5-2016
NBA GIANT $10 Double Up,$10.00,"3,448",$20.00,239.25,Creepy_Rob_Lowe,305.00,6,Nov-5-2016
NBA $30K And-One,$1.00,"35,294","$1,000.00",248.75,butchermane,325.50,2,Nov-5-2016
NBA $30K Sky Hook,$9.00,"3,853","$2,500.00",257.00,youdacao,315.75,100,Nov-5-2016
NBA $20K Pump Fake,$27.00,856,"$1,500.00",250.00,Jazzraz,306.75,3,Nov-5-2016
NBA Single Entry $5 Double Up,$5.00,"3,448",$10.00,236.25,mkp23,331.75,1,Nov-5-2016
NBA $2 Double Up,$2.00,"8,620",$4.00,238.75,makenlegacy,299.25,1,Nov-5-2016
NBA Single Entry $25 Double Up,$25.00,689,$50.00,238.25,fjbourne,298.25,1,Nov-5-2016
NBA $5K High Five,$5.00,"1,176",$500.00,255.00,swedishchef,313.00,1,Nov-5-2016
NBA $160K Sharpshooter,$3.00,"62,745","$5,000.00",260.25,stphowie,343.50,6,Nov-6-2016
NBA $100K Crossover,$27.00,"4,281","$5,000.00",265.50,chess_is_ok,332.25,125,Nov-6-2016
NBA $70K 3-Ball,$300.00,254,"$10,000.00",273.00,jsurab,317.00,1,Nov-6-2016
NBA $35K All-Star,"$1,060.00",35,"$12,000.00",269.00,youdacao,302.25,1,Nov-6-2016
NBA GIANT $25 Double Up,$25.00,"1,149",$50.00,262.75,juliamoe,313.00,2,Nov-6-2016
NBA $25K Sharpshooter,$3.00,"9,803","$1,000.00",265.50,chefleger,323.50,1,Nov-6-2016
NBA GIANT $5 Double Up,$5.00,"5,747",$10.00,261.00,aoiler71,331.75,1,Nov-6-2016
NBA $20K Posterizer,$150.00,148,"$5,000.00",280.25,gordough,309.00,1,Nov-6-2016
NBA $15K Sharpshooter,$3.00,"5,882",$164.67,240.00,slimgray,281.00,6,Nov-6-2016
NBA $15K Sky Hook,$9.00,"1,926","$1,200.00",272.25,blakrab36,327.00,1,Nov-6-2016
NBA Single Entry $5 Double Up,$5.00,919,$10.00,253.50,juggardthebeast,322.50,1,Nov-6-2016
NBA $2K High Five,$5.00,470,$400.00,274.00,cgert8,326.75,1,Nov-6-2016
NBA $600K MEGA Four Point Play,$4.00,"167,933","$50,000.00",250.50,linaw314,347.25,150,Nov-7-2016
NBA $350K Money Ball,$333.00,"1,120","$50,000.00",268.75,ehafner,323.25,15,Nov-7-2016
NBA $300K Crossover,$27.00,"12,330","$30,000.00",263.25,REDCOAT85,344.50,150,Nov-7-2016
NBA $200K All Star,"$1,060.00",191,"$40,000.00",275.00,pianoclub,322.25,6,Nov-7-2016
NBA GIANT $25 Double Up,$25.00,"3,218",$50.00,256.50,pianoclub,322.25,60,Nov-7-2016
NBA GIANT $5 Double Up,$5.00,"16,091",$10.00,251.00,cptnspaulding,325.00,8,Nov-7-2016
NBA $50K Posterizer,$150.00,370,"$5,000.00",258.75,Stillmatic,321.00,1,Nov-7-2016
NBA $35K And-One,$1.00,"41,176","$1,500.00",251.25,Guccimang627,347.50,50,Nov-7-2016
NBA GIANT $10 Double Up,$10.00,"4,022",$20.00,259.25,pianoclub,322.25,76,Nov-7-2016
NBA $25K Sharpshooter,$3.00,"9,803","$1,000.00",263.75,REDCOAT85,344.50,150,Nov-7-2016
NBA $25K Sky Hook,$9.00,"3,211","$1,000.00",269.50,REDCOAT85,344.50,75,Nov-7-2016
NBA Single Entry $25 Double Up,$25.00,919,$50.00,247.00,ahammer3,335.00,1,Nov-7-2016
NBA $20K Pump Fake,$27.00,856,"$1,500.00",260.50,amc_101,323.75,2,Nov-7-2016
NBA $15K Hot Shot,$3.00,"5,882",$700.00,249.75,cptnspaulding,325.00,3,Nov-7-2016
NBA $100 Double Up,$100.00,166,$200.00,250.50,BWitcher1975,321.25,1,Nov-7-2016
NBA Single Entry $5 Double Up,$5.00,"2,758",$10.00,244.00,Mickspicks,322.50,1,Nov-7-2016
NBA $5K High Five,$5.00,"1,176",$343.33,263.75,dbjblazer,321.00,1,Nov-7-2016
NBA $500K Bald Eagle,$333.00,"1,668","$100,000.00",272.00,SaahilSud,328.50,50,Nov-8-2016
NBA $400K Jefferson,$3.00,"156,862","$25,000.00",263.00,corolla42091,356.75,2,Nov-8-2016
NBA $300K Taft,$27.00,"12,845","$30,000.00",269.00,b7kahuna,338.50,1,Nov-8-2016
NBA $155K All-Star,"$1,000.00",167,"$30,000.00",283.00,jae686,310.00,5,Nov-8-2016
NBA GIANT $25 Double Up,$25.00,"3,678",$50.00,260.25,dpecanac,324.75,1,Nov-8-2016
NBA GIANT $5 Double Up,$5.00,"18,390",$10.00,254.75,niconasty,336.00,1,Nov-8-2016
NBA $65K Sharpshooter,$3.00,"25,490","$4,000.00",263.75,vegasvitsy,325.75,48,Nov-8-2016
NBA $50K Sharpshooter,$3.00,"19,607","$2,500.00",259.75,jakz101,306.75,150,Nov-8-2016
NBA $50K Madison,$4.00,"14,705","$3,000.00",273.25,zuesphil,342.25,1,Nov-8-2016
NBA $10 Double Up,$10.00,"5,172",$20.00,260.25,82Goldtop,334.50,4,Nov-8-2016
NBA $45K Posterizer,$150.00,333,"$6,000.00",270.50,ryan031,332.25,1,Nov-8-2016
NBA $35K Washington,$1.00,"41,176","$1,500.00",265.25,bigboymccoy415,348.75,50,Nov-8-2016
NBA $30K Harrison,$9.00,"3,853","$2,500.00",276.75,corolla42091,356.75,2,Nov-8-2016
NBA $20K Crossover,$27.00,856,"$1,500.00",262.00,damp,323.50,1,Nov-8-2016
NBA $2 Double Up,$2.00,"9,195",$4.00,255.50,texas54,331.50,1,Nov-8-2016
NBA Single Entry $5 Double Up,$5.00,"3,448",$10.00,251.75,82Goldtop,334.50,1,Nov-8-2016
NBA Single Entry $25 Double Up,$25.00,689,$50.00,255.75,jac3600,339.75,1,Nov-8-2016
NBA $15K Pump Fake,$27.00,642,"$1,500.00",266.50,jac3600,339.75,1,Nov-8-2016
NBA $15K Zone,$5.00,"3,529",$700.00,275.25,corolla42091,356.75,2,Nov-8-2016
NBA $15K Hot Shot,$3.00,"5,882",$700.00,260.75,DCMATHIS,336.25,3,Nov-8-2016
NBA $100 Double Up,$100.00,166,$200.00,258.50,jac3600,339.75,1,Nov-8-2016
NBA $50 Double Up,$50.00,340,$100.00,263.75,RunHotSports,308.00,2,Nov-8-2016
NBA $5K High Five,$5.00,"1,176",$500.00,270.00,mclarktx,323.25,1,Nov-8-2016
NBA $500K MEGA Bird,$33.00,"16,033","$50,000.00",282.50,TheClone,383.75,150,Nov-9-2016
NBA $400K Sharpshooter,$3.00,"156,301","$20,000.00",275.50,gbarlam,397.25,2,Nov-9-2016
NBA $300K Money Ball,$333.00,"1,001","$50,000.00",290.00,fortheoffice,354.50,5,Nov-9-2016
NBA $155K All-Star,"$1,000.00",157,"$30,000.00",289.75,Kobe4MVP,344.25,5,Nov-9-2016
NBA MASSIVE $25 Double Up,$25.00,"4,597",$50.00,271.75,Cee356,346.25,1,Nov-9-2016
NBA GIANT $5 Double Up,$5.00,"18,390",$10.00,273.50,brianpedrotti23,368.50,2,Nov-9-2016
NBA $10 Double Up,$10.00,"5,172",$20.00,273.00,rebel1971,353.75,1,Nov-9-2016
NBA $40K Posterizer,$150.00,296,"$6,000.00",288.75,Kobe4MVP,344.25,3,Nov-9-2016
NBA $35K And-One,$1.00,"41,176","$1,500.00",277.00,sdot87brown,387.75,1,Nov-9-2016
NBA $30K Sky Hook,$9.00,"3,853","$2,500.00",294.00,bensico,388.75,6,Nov-9-2016
NBA $20K Pump Fake,$27.00,856,"$1,500.00",283.50,OrganicGuy,364.50,3,Nov-9-2016
NBA $20K Hot Shot,$3.00,"7,843","$1,000.00",273.50,windsordjay,374.50,2,Nov-9-2016
NBA Single Entry $25 Double Up,$25.00,919,$50.00,271.00,HeScoresAgain,380.00,1,Nov-9-2016
NBA Single Entry $5 Double Up,$5.00,"3,448",$10.00,266.50,pzuke,363.50,1,Nov-9-2016
NBA $100 Double Up,$100.00,166,$200.00,271.75,Notorious,333.50,1,Nov-9-2016
NBA $50 Double Up,$50.00,340,$100.00,271.75,baralufficus,342.50,1,Nov-9-2016
NBA $2 Double Up,$2.00,"8,620",$4.00,274.50,TurboTurtle,350.75,40,Nov-9-2016
Casual NBA $15K Zone,$5.00,"2,556",$700.00,263.50,jlloyd1389,347.25,1,Nov-9-2016
NBA $5K High Five,$5.00,"1,176",$500.00,284.75,trojanlove,385.75,1,Nov-9-2016
NBA $1M Tipoff Special,$4.00,"294,117","$75,000.00",268.25,ycpchamp77,362.50,2,Oct-25-2016
NBA $250K Money Ball,$333.00,834,"$50,000.00",271.50,vassa,340.50,5,Oct-25-2016
NBA $200K Crossover,$27.00,"8,563","$20,000.00",272.50,Gpjw5520,351.50,2,Oct-25-2016
NBA $70K All-Star,"$1,060.00",70,"$20,000.00",281.50,vassa,340.50,2,Oct-25-2016
NBA GIANT $5 Double Up,$5.00,"6,896",$10.00,257.00,SaahilSud,342.00,100,Oct-25-2016
NBA $30K Posterizer,$150.00,222,"$3,000.00",267.50,cory585,334.00,1,Oct-25-2016
NBA GIANT $25 Double Up,$25.00,"1,379",$50.00,256.50,SaahilSud,328.00,40,Oct-25-2016
NBA GIANT $10 Double Up,$10.00,"2,873",$20.00,256.00,BreakThrow,345.00,1,Oct-25-2016
NBA $20K Hot Shot,$3.00,"7,843","$1,000.00",265.75,dscroggs4,341.50,3,Oct-25-2016
NBA $20K And One,$1.00,"23,529","$1,000.00",270.25,clapnow,342.00,6,Oct-25-2016
NBA $20K Sky Hook,$9.00,"2,569","$1,000.00",273.50,SaahilSud,342.00,75,Oct-25-2016
NBA $20K And One,$1.00,"23,529",$800.00,269.75,kaproomking,358.00,1,Oct-25-2016
NBA $2 Double Up,$2.00,"8,620",$4.00,257.00,BreakThrow,345.00,3,Oct-25-2016
NBA $15K Pump Fake,$27.00,642,"$2,000.00",273.75,jgolfer33,335.00,1,Oct-25-2016
NBA $15K Layup,$2.00,"8,823",$500.00,271.25,lozingitall,339.25,75,Oct-25-2016
NBA Single Entry $5 Double Up,$5.00,"3,448",$10.00,257.50,jacob.moran10,342.00,1,Oct-25-2016
NBA $50 Double Up,$50.00,340,$100.00,256.00,SaahilSud,318.25,2,Oct-25-2016
NBA $15K Zone,$5.00,"3,529",$700.00,273.75,stonecold1234567,345.50,1,Oct-25-2016
NBA $3K High Five,$5.00,705,$400.00,277.00,syn6208,332.00,1,Oct-25-2016
NBA $450K Four Point Play,$4.00,"132,352","$50,000.00",270.00,ryazan2000,352.50,30,Oct-26-2016
NBA $300K Money Ball,$333.00,"1,001","$50,000.00",283.25,Kobe4MVP,334.75,30,Oct-26-2016
NBA $250K Crossover,$27.00,"10,704","$25,000.00",279.75,bcalicore,340.00,150,Oct-26-2016
NBA $100K All-Star,"$1,060.00",100,"$20,000.00",290.25,bayonet509,333.75,1,Oct-26-2016
NBA $60K Sharpshooter,$3.00,"23,529","$4,000.00",254.75,Lunacy3,333.25,150,Oct-26-2016
NBA $45K Posterizer,$150.00,333,"$6,000.00",281.50,bric75,334.00,3,Oct-26-2016
NBA $35K Pump Fake,$27.00,"1,498","$3,000.00",277.25,SlowQueen,334.75,3,Oct-26-2016
NBA $30K And-One,$1.00,"35,294","$1,000.00",271.75,snakevandelay,341.00,50,Oct-26-2016
NBA $20K Hot Shot,$3.00,"7,843","$1,000.00",267.50,JSB31,338.25,2,Oct-26-2016
NBA $20K Sky Hook,$9.00,"2,569","$1,000.00",280.25,bcalicore,340.00,75,Oct-26-2016
NBA $15K Crossover,$27.00,642,"$1,500.00",254.75,Lunacy3,333.25,15,Oct-26-2016
NBA Single Entry $5 Double Up,$5.00,"2,758",$10.00,263.00,aloeup,333.75,1,Oct-26-2016
NBA $10K Zone,$5.00,"2,352",$500.00,269.75,aloeup,333.75,1,Oct-26-2016
Casual NBA $10K Zone,$5.00,"2,352",$500.00,263.50,leroyez17,326.75,1,Oct-26-2016
NBA $4K High Five,$5.00,941,$400.00,281.00,mlbsyndicate,333.75,1,Oct-26-2016
NBA $300K Sharpshooter,$3.00,"117,647","$30,000.00",264.50,cleanslate,336.50,14,Oct-27-2016
NBA $250K Money Ball,$333.00,834,"$50,000.00",272.00,verbalcoltrane,325.75,3,Oct-27-2016
NBA $225K Crossover,$27.00,"9,633","$25,000.00",269.00,foppertman86,331.00,4,Oct-27-2016
NBA $70K All-Star,"$1,060.00",70,"$20,000.00",273.75,DraftCheat,315.50,2,Oct-27-2016
NBA GIANT $25 Double Up,$25.00,"2,298",$50.00,261.00,maestro8732,308.00,1,Oct-27-2016
NBA GIANT $5 Double Up,$5.00,"11,494",$10.00,259.50,bods72,320.25,2,Oct-27-2016
NBA $35K Posterizer,$150.00,259,"$4,000.00",270.75,rex21023,323.50,1,Oct-27-2016
NBA $30K And-One,$1.00,"35,294","$1,000.00",264.00,dslat,331.00,1,Oct-27-2016
NBA GIANT $10 Double Up,$10.00,"2,873",$20.00,262.25,rex21023,323.50,1,Oct-27-2016
NBA $15K Hot Shot,$3.00,"5,882",$425.00,262.75,rex21023,323.50,3,Oct-27-2016
NBA Single Entry $5 Double Up,$5.00,"3,448",$10.00,257.00,dslat,331.00,1,Oct-27-2016
NBA $15K Sky Hook,$9.00,"1,926","$1,200.00",269.50,flashdelirium,322.75,1,Oct-27-2016
NBA $15K Pump Fake,$27.00,642,"$1,500.00",270.00,DraftCheat,315.50,2,Oct-27-2016
NBA $4K High Five,$5.00,941,$400.00,274.75,dslat,331.00,1,Oct-27-2016
NBA $500K Courtside Special,"$1,500.00",335,"$100,000.00",295.25,Dapokerninja,367.75,1,Oct-28-2016
NBA $400K MEGA Bird Warmup,$33.00,"14,012","$30,000.00",288.00,shawnzhan,384.25,150,Oct-28-2016
NBA $375K Sharpshooter,$3.00,"147,058","$25,000.00",272.75,shawnzhan,384.25,150,Oct-28-2016
NBA $350K Money Ball,$333.00,"1,052","$50,000.00",293.25,Dapokerninja,367.75,6,Oct-28-2016
NBA $100K Posterizer Special,$150.00,683,"$12,000.00",282.25,Kunu88,361.50,3,Oct-28-2016
NBA GIANT $25 Double Up,$25.00,"3,218",$50.00,283.00,BirdWings,345.25,10,Oct-28-2016
NBA GIANT $5 Double Up,$5.00,"16,091",$10.00,275.50,jclare84,363.75,1,Oct-28-2016
NBA $40K And-One,$1.00,"47,058","$1,250.00",273.75,coldon15,383.50,1,Oct-28-2016
NBA GIANT $10 Double Up,$10.00,"3,448",$20.00,280.25,BirdWings,345.25,10,Oct-28-2016
NBA $25K All-Star,"$1,060.00",25,"$10,000.00",306.50,shawnzhan,336.25,1,Oct-28-2016
NBA $20K Sky Hook,$9.00,"2,569","$1,500.00",291.50,Kunu88,361.50,5,Oct-28-2016
NBA $20K Hot Shot,$3.00,"7,843","$1,000.00",273.75,playmak3rs,370.50,3,Oct-28-2016
NBA GIANT $5 Double Up,$5.00,"4,705",$10.00,265.75,jordanh415,365.75,1,Oct-28-2016
NBA $20K Pump Fake,$27.00,856,"$1,500.00",286.50,Kunu88,361.50,3,Oct-28-2016
NBA $2 Double Up,$2.00,"9,195",$4.00,275.00,JCR36,352.00,5,Oct-28-2016
NBA $100 Double Up,$100.00,166,$200.00,275.00,3rd_and_schlong,343.00,2,Oct-28-2016
NBA Single Entry $25 Double Up,$25.00,689,$50.00,278.75,BirdWings,345.25,1,Oct-28-2016
NBA $5K High Five,$5.00,"1,176",$500.00,289.00,mobball12,353.00,1,Oct-28-2016
NBA $400K Saturday Spin Move,$40.00,"11,560","$37,500.00",261.75,TheClone,337.50,150,Oct-29-2016
NBA $300K Sharpshooter,$3.00,"117,647","$30,000.00",261.00,JWeill10,349.50,2,Oct-29-2016
NBA $200K Power Dribble,$400.00,555,"$25,000.00",260.75,ehafner,325.50,15,Oct-29-2016
NBA $100K All-Star,"$1,060.00",100,"$20,000.00",268.50,Kobe4MVP,314.00,3,Oct-29-2016
NBA GIANT $25 Double Up,$25.00,"2,298",$50.00,250.75,okcmo2003,324.25,4,Oct-29-2016
NBA GIANT $5 Double Up,$5.00,"11,494",$10.00,253.00,bordes88,328.75,1,Oct-29-2016
NBA $35K Posterizer,$150.00,259,"$4,000.00",266.25,jeremyshow,343.25,2,Oct-29-2016
NBA $30K And-One,$1.00,"35,294","$1,000.00",259.50,Chief_91,355.25,3,Oct-29-2016
NBA GIANT $10 Double Up,$10.00,"2,873",$20.00,250.00,TomAce1,327.25,1,Oct-29-2016
NBA $20K Sky Hook,$9.00,"2,569","$1,000.00",262.25,Philuv,334.25,1,Oct-29-2016
NBA Single Entry $5 Double Up,$5.00,"3,448",$10.00,250.75,daquills,332.00,1,Oct-29-2016
NBA $15K Hot Shot,$3.00,"5,882",$700.00,259.25,matthewwalsh,343.75,3,Oct-29-2016
NBA $15K Pump Fake,$27.00,642,"$1,500.00",264.50,okcmo2003,324.25,3,Oct-29-2016
NBA $3K High Five,$5.00,705,$400.00,267.25,Eagles82363,320.25,1,Oct-29-2016
NBA $175K Sharpshooter,$3.00,"68,627","$5,000.00",279.75,hishboo,363.75,50,Oct-30-2016
NBA $100K Crossover,$27.00,"4,281","$5,000.00",289.00,TheClone,349.50,125,Oct-30-2016
NBA $75K 3-Ball,$300.00,277,"$10,000.00",292.25,AG1987,333.25,5,Oct-30-2016
NBA $50K All-Star,"$1,060.00",50,"$15,000.00",301.25,CasBrM,333.25,1,Oct-30-2016
NBA GIANT $25 Double Up,$25.00,"1,149",$50.00,279.50,OreoBoy12,340.50,6,Oct-30-2016
NBA $20K Sky Hook,$9.00,"2,569","$1,000.00",291.25,bcalicore,340.00,75,Oct-30-2016
NBA $20K Sharpshooter,$3.00,"7,843","$1,000.00",258.50,hof0003,322.75,3,Oct-30-2016
NBA GIANT  $5 Double Up,$5.00,"4,597",$10.00,283.75,joshweed,350.25,1,Oct-30-2016
NBA $15K And-One,$1.00,"17,647",$500.00,280.75,TheClone,349.50,50,Oct-30-2016
NBA $15K Posterizer,$150.00,111,"$3,000.00",297.00,AG1987,333.25,2,Oct-30-2016
NBA $5 Single Entry Double Up,$5.00,919,$10.00,274.50,beatycharlie,340.00,1,Oct-30-2016
NBA $2K High Five,$5.00,470,$400.00,295.50,CasBrM,333.25,1,Oct-30-2016
NBA $500K Halloween Special,$4.00,"147,058","$37,500.00",249.75,peky0401,319.75,6,Oct-31-2016
NBA $300K Money Ball,$333.00,"1,001","$50,000.00",256.25,gentlaw2,306.75,1,Oct-31-2016
NBA $250K Crossover,$27.00,"10,704","$25,000.00",255.75,EmileHeskey,319.75,150,Oct-31-2016
NBA $100K All-Star,"$1,060.00",100,"$20,000.00",261.00,SaahilSud,289.50,3,Oct-31-2016
NBA GIANT $5 Double Up,$5.00,"16,091",$10.00,248.00,kurtiejax,313.50,3,Oct-31-2016
NBA GIANT $25 Double Up,$25.00,"2,988",$50.00,251.00,jincka,313.50,1,Oct-31-2016
NBA $40K Posterizer,$150.00,296,"$6,000.00",255.75,bric75,294.00,3,Oct-31-2016
NBA $35K And-One,$1.00,"41,176","$2,000.00",255.25,EmileHeskey,319.75,50,Oct-31-2016
NBA GIANT $10 Double Up,$10.00,"4,022",$20.00,251.75,johnnycatnip,293.25,2,Oct-31-2016
NBA $25K Sky Hook,$9.00,"3,211","$1,000.00",255.00,SaahilSud,306.00,75,Oct-31-2016
NBA $20K Pump Fake,$27.00,856,"$1,500.00",251.00,snowfighter,295.00,3,Oct-31-2016
NBA Single Entry $5 Double Up,$5.00,"3,448",$10.00,244.00,kurtiejax,313.50,1,Oct-31-2016
NBA $15K Hot Shot,$3.00,"5,882",$500.00,247.75,kurtiejax,313.50,3,Oct-31-2016
NBA Single Entry $25 Double Up,$25.00,689,$50.00,245.50,therealGaryDellAbate,294.75,1,Oct-31-2016
NBA $2 Double Up,$2.00,"8,620",$4.00,248.00,kurtiejax,313.50,5,Oct-31-2016
NBA $5K High Five,$5.00,"1,176",$500.00,256.75,marvo421,300.25,1,Oct-31-2016
