DAY,DATE,VISITOR,HOME,HomeRest,AwayRest
Tue.,25-Oct-16,New York,Cleveland,0.0,0.0
Tue.,25-Oct-16,Utah,Portland,0.0,0.0
Tue.,25-Oct-16,San Antonio,Golden State,0.0,0.0
Wed.,26-Oct-16,Miami,Orlando,1.0,1.0
Wed.,26-Oct-16,Dallas,Indiana,1.0,1.0
Wed.,26-Oct-16,Brooklyn,Boston,1.0,1.0
Wed.,26-Oct-16,Detroit,Toronto,1.0,1.0
Wed.,26-Oct-16,Charlotte,Milwaukee,1.0,1.0
Wed.,26-Oct-16,Minnesota,Memphis,1.0,1.0
Wed.,26-Oct-16,Denver,New Orleans,1.0,1.0
Wed.,26-Oct-16,Oklahoma City,Philadelphia,1.0,1.0
Wed.,26-Oct-16,Sacramento,Phoenix,1.0,1.0
Wed.,26-Oct-16,Houston,L.A. Lakers,1.0,1.0
Thu.,27-Oct-16,Washington,Atlanta,1.0,1.0
Thu.,27-Oct-16,Boston,Chicago,1.0,1.0
Thu.,27-Oct-16,San Antonio,Sacramento,1.0,1.0
Thu.,27-Oct-16,L.A. Clippers,Portland,1.0,1.0
Fri.,28-Oct-16,Cleveland,Toronto,1.0,1.0
Fri.,28-Oct-16,Indiana,Brooklyn,1.0,1.0
Fri.,28-Oct-16,Orlando,Detroit,1.0,1.0
Fri.,28-Oct-16,Phoenix,Oklahoma City,1.0,1.0
Fri.,28-Oct-16,Charlotte,Miami,1.0,1.0
Fri.,28-Oct-16,Houston,Dallas,1.0,1.0
Fri.,28-Oct-16,L.A. Lakers,Utah,1.0,1.0
Fri.,28-Oct-16,Golden State,New Orleans,1.0,1.0
Sat.,29-Oct-16,Atlanta,Philadelphia,1.0,1.0
Sat.,29-Oct-16,Boston,Charlotte,1.0,1.0
Sat.,29-Oct-16,Memphis,New York,1.0,1.0
Sat.,29-Oct-16,Orlando,Cleveland,1.0,1.0
Sat.,29-Oct-16,Indiana,Chicago,1.0,1.0
Sat.,29-Oct-16,Brooklyn,Milwaukee,1.0,1.0
Sat.,29-Oct-16,New Orleans,San Antonio,1.0,1.0
Sat.,29-Oct-16,Portland,Denver,1.0,1.0
Sat.,29-Oct-16,Minnesota,Sacramento,1.0,1.0
Sun.,30-Oct-16,Utah,L.A. Clippers,1.0,1.0
Sun.,30-Oct-16,Golden State,Phoenix,1.0,1.0
Sun.,30-Oct-16,San Antonio,Miami,1.0,1.0
Sun.,30-Oct-16,Milwaukee,Detroit,1.0,1.0
Sun.,30-Oct-16,Washington,Memphis,1.0,1.0
Sun.,30-Oct-16,L.A. Lakers,Oklahoma City,1.0,1.0
Sun.,30-Oct-16,Dallas,Houston,1.0,1.0
Mon.,31-Oct-16,Denver,Toronto,1.0,1.0
Mon.,31-Oct-16,Chicago,Brooklyn,1.0,1.0
Mon.,31-Oct-16,Sacramento,Atlanta,1.0,1.0
Mon.,31-Oct-16,Phoenix,L.A. Clippers,1.0,1.0
Tue.,1-Nov-16,Orlando,Philadelphia,1.0,1.0
Tue.,1-Nov-16,Houston,Cleveland,1.0,1.0
Tue.,1-Nov-16,L.A. Lakers,Indiana,1.0,1.0
Tue.,1-Nov-16,Sacramento,Miami,1.0,1.0
Tue.,1-Nov-16,New York,Detroit,1.0,1.0
Tue.,1-Nov-16,Milwaukee,New Orleans,1.0,1.0
Tue.,1-Nov-16,Memphis,Minnesota,1.0,1.0
Tue.,1-Nov-16,Utah,San Antonio,1.0,1.0
Tue.,1-Nov-16,Golden State,Portland,1.0,1.0
Wed.,2-Nov-16,Toronto,Washington,1.0,1.0
Wed.,2-Nov-16,Philadelphia,Charlotte,1.0,1.0
Wed.,2-Nov-16,Detroit,Brooklyn,1.0,1.0
Wed.,2-Nov-16,Houston,New York,1.0,1.0
Wed.,2-Nov-16,L.A. Lakers,Atlanta,1.0,1.0
Wed.,2-Nov-16,New Orleans,Memphis,1.0,1.0
Wed.,2-Nov-16,Chicago,Boston,1.0,1.0
Wed.,2-Nov-16,Dallas,Utah,1.0,1.0
Wed.,2-Nov-16,Portland,Phoenix,1.0,1.0
Wed.,2-Nov-16,Oklahoma City,L.A. Clippers,1.0,1.0
Thu.,3-Nov-16,Sacramento,Orlando,1.0,1.0
Thu.,3-Nov-16,Indiana,Milwaukee,1.0,1.0
Thu.,3-Nov-16,Denver,Minnesota,1.0,1.0
Thu.,3-Nov-16,Boston,Cleveland,1.0,1.0
Thu.,3-Nov-16,Oklahoma City,Golden State,1.0,1.0
Fri.,4-Nov-16,Atlanta,Washington,1.0,1.0
Fri.,4-Nov-16,Miami,Toronto,1.0,1.0
Fri.,4-Nov-16,Charlotte,Brooklyn,1.0,1.0
Fri.,4-Nov-16,New York,Chicago,1.0,1.0
Fri.,4-Nov-16,L.A. Clippers,Memphis,1.0,1.0
Fri.,4-Nov-16,Phoenix,New Orleans,1.0,1.0
Fri.,4-Nov-16,Portland,Dallas,1.0,1.0
Fri.,4-Nov-16,San Antonio,Utah,1.0,1.0
Fri.,4-Nov-16,Golden State,L.A. Lakers,1.0,1.0
Sat.,5-Nov-16,Minnesota,Oklahoma City,1.0,1.0
Sat.,5-Nov-16,Cleveland,Philadelphia,1.0,1.0
Sat.,5-Nov-16,Washington,Orlando,1.0,1.0
Sat.,5-Nov-16,Denver,Detroit,1.0,1.0
Sat.,5-Nov-16,Chicago,Indiana,1.0,1.0
Sat.,5-Nov-16,Houston,Atlanta,1.0,1.0
Sat.,5-Nov-16,Sacramento,Milwaukee,1.0,1.0
Sat.,5-Nov-16,L.A. Clippers,San Antonio,1.0,1.0
Sun.,6-Nov-16,Utah,New York,1.0,1.0
Sun.,6-Nov-16,Portland,Memphis,1.0,1.0
Sun.,6-Nov-16,Sacramento,Toronto,1.0,1.0
Sun.,6-Nov-16,Milwaukee,Dallas,1.0,1.0
Sun.,6-Nov-16,Denver,Boston,1.0,1.0
Sun.,6-Nov-16,Phoenix,L.A. Lakers,1.0,1.0
Mon.,7-Nov-16,Utah,Philadelphia,1.0,1.0
Mon.,7-Nov-16,Houston,Washington,1.0,1.0
Mon.,7-Nov-16,Indiana,Charlotte,1.0,1.0
Mon.,7-Nov-16,Orlando,Chicago,1.0,1.0
Mon.,7-Nov-16,Miami,Oklahoma City,1.0,1.0
Mon.,7-Nov-16,Detroit,L.A. Clippers,1.0,1.0
Mon.,7-Nov-16,New Orleans,Golden State,1.0,1.0
Tue.,8-Nov-16,Atlanta,Cleveland,1.0,1.0
Tue.,8-Nov-16,Minnesota,Brooklyn,1.0,1.0
Tue.,8-Nov-16,Denver,Memphis,1.0,1.0
Tue.,8-Nov-16,Phoenix,Portland,1.0,1.0
Tue.,8-Nov-16,Dallas,L.A. Lakers,1.0,1.0
Tue.,8-Nov-16,New Orleans,Sacramento,1.0,1.0
Wed.,9-Nov-16,Brooklyn,New York,1.0,1.0
Wed.,9-Nov-16,Boston,Washington,1.0,1.0
Wed.,9-Nov-16,Utah,Charlotte,1.0,1.0
Wed.,9-Nov-16,Minnesota,Orlando,1.0,1.0
Wed.,9-Nov-16,Philadelphia,Indiana,1.0,1.0
Wed.,9-Nov-16,Chicago,Atlanta,1.0,1.0
Wed.,9-Nov-16,Toronto,Oklahoma City,1.0,1.0
Wed.,9-Nov-16,Detroit,Phoenix,1.0,1.0
Wed.,9-Nov-16,Houston,San Antonio,1.0,1.0
Wed.,9-Nov-16,Portland,L.A. Clippers,1.0,1.0
Wed.,9-Nov-16,Dallas,Golden State,1.0,1.0
Thu.,10-Nov-16,New Orleans,Milwaukee,1.0,1.0
Thu.,10-Nov-16,Chicago,Miami,1.0,1.0
Thu.,10-Nov-16,Golden State,Denver,1.0,1.0
Thu.,10-Nov-16,L.A. Lakers,Sacramento,1.0,1.0
Fri.,11-Nov-16,Indiana,Philadelphia,1.0,1.0
Fri.,11-Nov-16,Cleveland,Washington,1.0,1.0
Fri.,11-Nov-16,Toronto,Charlotte,1.0,1.0
Fri.,11-Nov-16,Utah,Orlando,1.0,1.0
Fri.,11-Nov-16,New York,Boston,1.0,1.0
Fri.,11-Nov-16,L.A. Clippers,Oklahoma City,1.0,1.0
Fri.,11-Nov-16,Detroit,San Antonio,1.0,1.0
Fri.,11-Nov-16,Sacramento,Portland,1.0,1.0
Sat.,12-Nov-16,L.A. Lakers,New Orleans,1.0,1.0
Sat.,12-Nov-16,Boston,Indiana,1.0,1.0
Sat.,12-Nov-16,New York,Toronto,1.0,1.0
Sat.,12-Nov-16,Philadelphia,Atlanta,1.0,1.0
Sat.,12-Nov-16,Washington,Chicago,1.0,1.0
Sat.,12-Nov-16,San Antonio,Houston,1.0,1.0
Sat.,12-Nov-16,L.A. Clippers,Minnesota,1.0,1.0
Sat.,12-Nov-16,Utah,Miami,1.0,1.0
Sat.,12-Nov-16,Memphis,Milwaukee,1.0,1.0
Sat.,12-Nov-16,Detroit,Denver,1.0,1.0
Sat.,12-Nov-16,Brooklyn,Phoenix,1.0,1.0
Sun.,13-Nov-16,Charlotte,Cleveland,1.0,1.0
Sun.,13-Nov-16,Orlando,Oklahoma City,1.0,1.0
Sun.,13-Nov-16,L.A. Lakers,Minnesota,1.0,1.0
Sun.,13-Nov-16,Phoenix,Golden State,1.0,1.0
Sun.,13-Nov-16,Denver,Portland,1.0,1.0
Mon.,14-Nov-16,Orlando,Indiana,1.0,1.0
Mon.,14-Nov-16,Dallas,New York,1.0,1.0
Mon.,14-Nov-16,Oklahoma City,Detroit,1.0,1.0
Mon.,14-Nov-16,Boston,New Orleans,1.0,1.0
Mon.,14-Nov-16,Philadelphia,Houston,1.0,1.0
Mon.,14-Nov-16,Miami,San Antonio,1.0,1.0
Mon.,14-Nov-16,Memphis,Utah,1.0,1.0
Mon.,14-Nov-16,Brooklyn,L.A. Clippers,1.0,1.0
Tue.,15-Nov-16,Toronto,Cleveland,1.0,1.0
Tue.,15-Nov-16,Atlanta,Miami,1.0,1.0
Tue.,15-Nov-16,Charlotte,Minnesota,1.0,1.0
Tue.,15-Nov-16,Chicago,Portland,1.0,1.0
Tue.,15-Nov-16,Brooklyn,L.A. Lakers,1.0,1.0
Wed.,16-Nov-16,Washington,Philadelphia,1.0,1.0
Wed.,16-Nov-16,New Orleans,Orlando,1.0,1.0
Wed.,16-Nov-16,Cleveland,Indiana,1.0,1.0
Wed.,16-Nov-16,Dallas,Boston,1.0,1.0
Wed.,16-Nov-16,Detroit,New York,1.0,1.0
Wed.,16-Nov-16,Milwaukee,Atlanta,1.0,1.0
Wed.,16-Nov-16,Houston,Oklahoma City,1.0,1.0
Wed.,16-Nov-16,Golden State,Toronto,1.0,1.0
Wed.,16-Nov-16,Phoenix,Denver,1.0,1.0
Wed.,16-Nov-16,Memphis,L.A. Clippers,1.0,1.0
Wed.,16-Nov-16,San Antonio,Sacramento,1.0,1.0
Thu.,17-Nov-16,New York,Washington,1.0,1.0
Thu.,17-Nov-16,Milwaukee,Miami,1.0,1.0
Thu.,17-Nov-16,Portland,Houston,1.0,1.0
Thu.,17-Nov-16,Philadelphia,Minnesota,1.0,1.0
Thu.,17-Nov-16,Chicago,Utah,1.0,1.0
Fri.,18-Nov-16,Atlanta,Charlotte,1.0,1.0
Fri.,18-Nov-16,Detroit,Cleveland,1.0,1.0
Fri.,18-Nov-16,Phoenix,Indiana,1.0,1.0
Fri.,18-Nov-16,Portland,New Orleans,1.0,1.0
Fri.,18-Nov-16,Brooklyn,Oklahoma City,1.0,1.0
Fri.,18-Nov-16,Golden State,Boston,1.0,1.0
Fri.,18-Nov-16,Memphis,Dallas,1.0,1.0
Fri.,18-Nov-16,Toronto,Denver,1.0,1.0
Fri.,18-Nov-16,San Antonio,L.A. Lakers,1.0,1.0
Fri.,18-Nov-16,L.A. Clippers,Sacramento,1.0,1.0
Sat.,19-Nov-16,Utah,Houston,1.0,1.0
Sat.,19-Nov-16,Charlotte,New Orleans,1.0,1.0
Sat.,19-Nov-16,Miami,Washington,1.0,1.0
Sat.,19-Nov-16,Dallas,Orlando,1.0,1.0
Sat.,19-Nov-16,Boston,Detroit,1.0,1.0
Sat.,19-Nov-16,Phoenix,Philadelphia,1.0,1.0
Sat.,19-Nov-16,Minnesota,Memphis,1.0,1.0
Sat.,19-Nov-16,Golden State,Milwaukee,1.0,1.0
Sat.,19-Nov-16,Chicago,L.A. Clippers,1.0,1.0
Sun.,20-Nov-16,Atlanta,New York,1.0,1.0
Sun.,20-Nov-16,Portland,Brooklyn,1.0,1.0
Sun.,20-Nov-16,Indiana,Oklahoma City,1.0,1.0
Sun.,20-Nov-16,Toronto,Sacramento,1.0,1.0
Sun.,20-Nov-16,Utah,Denver,1.0,1.0
Sun.,20-Nov-16,Chicago,L.A. Lakers,1.0,1.0
Mon.,21-Nov-16,Miami,Philadelphia,1.0,1.0
Mon.,21-Nov-16,Phoenix,Washington,1.0,1.0
Mon.,21-Nov-16,Memphis,Charlotte,1.0,1.0
Mon.,21-Nov-16,Golden State,Indiana,1.0,1.0
Mon.,21-Nov-16,Houston,Detroit,1.0,1.0
Mon.,21-Nov-16,Orlando,Milwaukee,1.0,1.0
Mon.,21-Nov-16,Boston,Minnesota,1.0,1.0
Mon.,21-Nov-16,Dallas,San Antonio,1.0,1.0
Mon.,21-Nov-16,Toronto,L.A. Clippers,1.0,1.0
Tue.,22-Nov-16,Portland,New York,1.0,1.0
Tue.,22-Nov-16,New Orleans,Atlanta,1.0,1.0
Tue.,22-Nov-16,Chicago,Denver,1.0,1.0
Tue.,22-Nov-16,Oklahoma City,L.A. Lakers,1.0,1.0
Wed.,23-Nov-16,Memphis,Philadelphia,1.0,1.0
Wed.,23-Nov-16,San Antonio,Charlotte,1.0,1.0
Wed.,23-Nov-16,Phoenix,Orlando,1.0,1.0
Wed.,23-Nov-16,Portland,Cleveland,1.0,1.0
Wed.,23-Nov-16,Atlanta,Indiana,1.0,1.0
Wed.,23-Nov-16,Boston,Brooklyn,1.0,1.0
Wed.,23-Nov-16,Miami,Detroit,1.0,1.0
Wed.,23-Nov-16,Toronto,Houston,1.0,1.0
Wed.,23-Nov-16,L.A. Clippers,Dallas,1.0,1.0
Wed.,23-Nov-16,Denver,Utah,1.0,1.0
Wed.,23-Nov-16,Minnesota,New Orleans,1.0,1.0
Wed.,23-Nov-16,L.A. Lakers,Golden State,1.0,1.0
Wed.,23-Nov-16,Oklahoma City,Sacramento,1.0,1.0
Fri.,25-Nov-16,San Antonio,Boston,1.0,1.0
Fri.,25-Nov-16,Washington,Orlando,1.0,1.0
Fri.,25-Nov-16,Dallas,Cleveland,1.0,1.0
Fri.,25-Nov-16,Charlotte,New York,1.0,1.0
Fri.,25-Nov-16,Chicago,Philadelphia,1.0,1.0
Fri.,25-Nov-16,L.A. Clippers,Detroit,1.0,1.0
Fri.,25-Nov-16,Atlanta,Utah,1.0,1.0
Fri.,25-Nov-16,Toronto,Milwaukee,1.0,1.0
Fri.,25-Nov-16,Miami,Memphis,1.0,1.0
Fri.,25-Nov-16,Brooklyn,Indiana,1.0,1.0
Fri.,25-Nov-16,Oklahoma City,Denver,1.0,1.0
Fri.,25-Nov-16,Minnesota,Phoenix,1.0,1.0
Fri.,25-Nov-16,New Orleans,Portland,1.0,1.0
Fri.,25-Nov-16,Golden State,L.A. Lakers,1.0,1.0
Fri.,25-Nov-16,Houston,Sacramento,1.0,1.0
Sat.,26-Nov-16,San Antonio,Washington,1.0,1.0
Sat.,26-Nov-16,New York,Charlotte,1.0,1.0
Sat.,26-Nov-16,Detroit,Oklahoma City,1.0,1.0
Sat.,26-Nov-16,Memphis,Miami,1.0,1.0
Sat.,26-Nov-16,Minnesota,Golden State,1.0,1.0
Sun.,27-Nov-16,Cleveland,Philadelphia,1.0,1.0
Sun.,27-Nov-16,Denver,Phoenix,1.0,1.0
Sun.,27-Nov-16,Sacramento,Brooklyn,1.0,1.0
Sun.,27-Nov-16,Milwaukee,Orlando,1.0,1.0
Sun.,27-Nov-16,L.A. Clippers,Indiana,1.0,1.0
Sun.,27-Nov-16,New Orleans,Dallas,1.0,1.0
Sun.,27-Nov-16,Houston,Portland,1.0,1.0
Sun.,27-Nov-16,Atlanta,L.A. Lakers,1.0,1.0
Mon.,28-Nov-16,Sacramento,Washington,1.0,1.0
Mon.,28-Nov-16,Philadelphia,Toronto,1.0,1.0
Mon.,28-Nov-16,Oklahoma City,New York,1.0,1.0
Mon.,28-Nov-16,Boston,Miami,1.0,1.0
Mon.,28-Nov-16,Charlotte,Memphis,1.0,1.0
Mon.,28-Nov-16,Utah,Minnesota,1.0,1.0
Mon.,28-Nov-16,Atlanta,Golden State,1.0,1.0
Tue.,29-Nov-16,Detroit,Charlotte,1.0,1.0
Tue.,29-Nov-16,L.A. Clippers,Brooklyn,1.0,1.0
Tue.,29-Nov-16,Cleveland,Milwaukee,1.0,1.0
Tue.,29-Nov-16,L.A. Lakers,New Orleans,1.0,1.0
Tue.,29-Nov-16,Orlando,San Antonio,1.0,1.0
Tue.,29-Nov-16,Houston,Utah,1.0,1.0
Wed.,30-Nov-16,Sacramento,Philadelphia,1.0,1.0
Wed.,30-Nov-16,Detroit,Boston,1.0,1.0
Wed.,30-Nov-16,Memphis,Toronto,1.0,1.0
Wed.,30-Nov-16,L.A. Lakers,Chicago,1.0,1.0
Wed.,30-Nov-16,Washington,Oklahoma City,1.0,1.0
Wed.,30-Nov-16,New York,Minnesota,1.0,1.0
Wed.,30-Nov-16,San Antonio,Dallas,1.0,1.0
Wed.,30-Nov-16,Miami,Denver,1.0,1.0
Wed.,30-Nov-16,Atlanta,Phoenix,1.0,1.0
Wed.,30-Nov-16,Indiana,Portland,1.0,1.0
Thu.,1-Dec-16,Dallas,Charlotte,1.0,1.0
Thu.,1-Dec-16,Milwaukee,Brooklyn,1.0,1.0
Thu.,1-Dec-16,Orlando,Memphis,1.0,1.0
Thu.,1-Dec-16,L.A. Clippers,Cleveland,1.0,1.0
Thu.,1-Dec-16,Miami,Utah,1.0,1.0
Thu.,1-Dec-16,Houston,Golden State,1.0,1.0
Fri.,2-Dec-16,Orlando,Philadelphia,1.0,1.0
Fri.,2-Dec-16,Sacramento,Boston,1.0,1.0
Fri.,2-Dec-16,L.A. Lakers,Toronto,1.0,1.0
Fri.,2-Dec-16,Minnesota,New York,1.0,1.0
Fri.,2-Dec-16,Cleveland,Chicago,1.0,1.0
Fri.,2-Dec-16,L.A. Clippers,New Orleans,1.0,1.0
Fri.,2-Dec-16,Detroit,Atlanta,1.0,1.0
Fri.,2-Dec-16,Washington,San Antonio,1.0,1.0
Fri.,2-Dec-16,Houston,Denver,1.0,1.0
Sat.,3-Dec-16,Brooklyn,Milwaukee,1.0,1.0
Sat.,3-Dec-16,Minnesota,Charlotte,1.0,1.0
Sat.,3-Dec-16,Atlanta,Toronto,1.0,1.0
Sat.,3-Dec-16,Boston,Philadelphia,1.0,1.0
Sat.,3-Dec-16,L.A. Lakers,Memphis,1.0,1.0
Sat.,3-Dec-16,Chicago,Dallas,1.0,1.0
Sat.,3-Dec-16,Denver,Utah,1.0,1.0
Sat.,3-Dec-16,Miami,Portland,1.0,1.0
Sat.,3-Dec-16,Phoenix,Golden State,1.0,1.0
Sun.,4-Dec-16,Orlando,Detroit,1.0,1.0
Sun.,4-Dec-16,New Orleans,Oklahoma City,1.0,1.0
Sun.,4-Dec-16,Sacramento,New York,1.0,1.0
Sun.,4-Dec-16,Indiana,L.A. Clippers,1.0,1.0
Mon.,5-Dec-16,Denver,Philadelphia,1.0,1.0
Mon.,5-Dec-16,Cleveland,Toronto,1.0,1.0
Mon.,5-Dec-16,Washington,Brooklyn,1.0,1.0
Mon.,5-Dec-16,Oklahoma City,Atlanta,1.0,1.0
Mon.,5-Dec-16,Portland,Chicago,1.0,1.0
Mon.,5-Dec-16,San Antonio,Milwaukee,1.0,1.0
Mon.,5-Dec-16,Memphis,New Orleans,1.0,1.0
Mon.,5-Dec-16,Boston,Houston,1.0,1.0
Mon.,5-Dec-16,Charlotte,Dallas,1.0,1.0
Mon.,5-Dec-16,Utah,L.A. Lakers,1.0,1.0
Mon.,5-Dec-16,Indiana,Golden State,1.0,1.0
Tue.,6-Dec-16,Orlando,Washington,1.0,1.0
Tue.,6-Dec-16,New York,Miami,1.0,1.0
Tue.,6-Dec-16,Chicago,Detroit,1.0,1.0
Tue.,6-Dec-16,Philadelphia,Memphis,1.0,1.0
Tue.,6-Dec-16,San Antonio,Minnesota,1.0,1.0
Tue.,6-Dec-16,Phoenix,Utah,1.0,1.0
Wed.,7-Dec-16,Detroit,Charlotte,1.0,1.0
Wed.,7-Dec-16,Boston,Orlando,1.0,1.0
Wed.,7-Dec-16,Denver,Brooklyn,1.0,1.0
Wed.,7-Dec-16,Miami,Atlanta,1.0,1.0
Wed.,7-Dec-16,Portland,Milwaukee,1.0,1.0
Wed.,7-Dec-16,L.A. Lakers,Houston,1.0,1.0
Wed.,7-Dec-16,Cleveland,New York,1.0,1.0
Wed.,7-Dec-16,Sacramento,Dallas,1.0,1.0
Wed.,7-Dec-16,Indiana,Phoenix,1.0,1.0
Wed.,7-Dec-16,Golden State,L.A. Clippers,1.0,1.0
Thu.,8-Dec-16,Minnesota,Toronto,1.0,1.0
Thu.,8-Dec-16,Denver,Washington,1.0,1.0
Thu.,8-Dec-16,Portland,Memphis,1.0,1.0
Thu.,8-Dec-16,Philadelphia,New Orleans,1.0,1.0
Thu.,8-Dec-16,Golden State,Utah,1.0,1.0
Thu.,8-Dec-16,San Antonio,Chicago,1.0,1.0
Fri.,9-Dec-16,Orlando,Charlotte,1.0,1.0
Fri.,9-Dec-16,Miami,Cleveland,1.0,1.0
Fri.,9-Dec-16,Toronto,Boston,1.0,1.0
Fri.,9-Dec-16,Atlanta,Milwaukee,1.0,1.0
Fri.,9-Dec-16,Houston,Oklahoma City,1.0,1.0
Fri.,9-Dec-16,Detroit,Minnesota,1.0,1.0
Fri.,9-Dec-16,Indiana,Dallas,1.0,1.0
Fri.,9-Dec-16,Phoenix,L.A. Lakers,1.0,1.0
Fri.,9-Dec-16,New York,Sacramento,1.0,1.0
Sat.,10-Dec-16,Milwaukee,Washington,1.0,1.0
Sat.,10-Dec-16,Denver,Orlando,1.0,1.0
Sat.,10-Dec-16,Portland,Indiana,1.0,1.0
Sat.,10-Dec-16,Charlotte,Cleveland,1.0,1.0
Sat.,10-Dec-16,Miami,Chicago,1.0,1.0
Sat.,10-Dec-16,Golden State,Memphis,1.0,1.0
Sat.,10-Dec-16,Dallas,Houston,1.0,1.0
Sat.,10-Dec-16,Brooklyn,San Antonio,1.0,1.0
Sat.,10-Dec-16,Sacramento,Utah,1.0,1.0
Sat.,10-Dec-16,New Orleans,L.A. Clippers,1.0,1.0
Sun.,11-Dec-16,Philadelphia,Detroit,1.0,1.0
Sun.,11-Dec-16,Boston,Oklahoma City,1.0,1.0
Sun.,11-Dec-16,Golden State,Minnesota,1.0,1.0
Sun.,11-Dec-16,New Orleans,Phoenix,1.0,1.0
Sun.,11-Dec-16,New York,L.A. Lakers,1.0,1.0
Mon.,12-Dec-16,Charlotte,Indiana,1.0,1.0
Mon.,12-Dec-16,Milwaukee,Toronto,1.0,1.0
Mon.,12-Dec-16,Washington,Miami,1.0,1.0
Mon.,12-Dec-16,Brooklyn,Houston,1.0,1.0
Mon.,12-Dec-16,Denver,Dallas,1.0,1.0
Mon.,12-Dec-16,Portland,L.A. Clippers,1.0,1.0
Mon.,12-Dec-16,L.A. Lakers,Sacramento,1.0,1.0
Tue.,13-Dec-16,Memphis,Cleveland,1.0,1.0
Tue.,13-Dec-16,Orlando,Atlanta,1.0,1.0
Tue.,13-Dec-16,Minnesota,Chicago,1.0,1.0
Tue.,13-Dec-16,Golden State,New Orleans,1.0,1.0
Tue.,13-Dec-16,New York,Phoenix,1.0,1.0
Tue.,13-Dec-16,Oklahoma City,Portland,1.0,1.0
Wed.,14-Dec-16,Toronto,Philadelphia,1.0,1.0
Wed.,14-Dec-16,Charlotte,Washington,1.0,1.0
Wed.,14-Dec-16,L.A. Clippers,Orlando,1.0,1.0
Wed.,14-Dec-16,Indiana,Miami,1.0,1.0
Wed.,14-Dec-16,L.A. Lakers,Brooklyn,1.0,1.0
Wed.,14-Dec-16,Cleveland,Memphis,1.0,1.0
Wed.,14-Dec-16,Sacramento,Houston,1.0,1.0
Wed.,14-Dec-16,Detroit,Dallas,1.0,1.0
Wed.,14-Dec-16,Oklahoma City,Utah,1.0,1.0
Wed.,14-Dec-16,Boston,San Antonio,1.0,1.0
Thu.,15-Dec-16,Chicago,Milwaukee,1.0,1.0
Thu.,15-Dec-16,Indiana,New Orleans,1.0,1.0
Thu.,15-Dec-16,Portland,Denver,1.0,1.0
Thu.,15-Dec-16,San Antonio,Phoenix,1.0,1.0
Thu.,15-Dec-16,New York,Golden State,1.0,1.0
Fri.,16-Dec-16,Detroit,Washington,1.0,1.0
Fri.,16-Dec-16,Brooklyn,Orlando,1.0,1.0
Fri.,16-Dec-16,Charlotte,Boston,1.0,1.0
Fri.,16-Dec-16,Atlanta,Toronto,1.0,1.0
Fri.,16-Dec-16,Milwaukee,Chicago,1.0,1.0
Fri.,16-Dec-16,Sacramento,Memphis,1.0,1.0
Fri.,16-Dec-16,New Orleans,Houston,1.0,1.0
Fri.,16-Dec-16,L.A. Lakers,Philadelphia,1.0,1.0
Fri.,16-Dec-16,L.A. Clippers,Miami,1.0,1.0
Fri.,16-Dec-16,Dallas,Utah,1.0,1.0
Sat.,17-Dec-16,Phoenix,Oklahoma City,1.0,1.0
Sat.,17-Dec-16,Indiana,Detroit,1.0,1.0
Sat.,17-Dec-16,Charlotte,Atlanta,1.0,1.0
Sat.,17-Dec-16,L.A. Lakers,Cleveland,1.0,1.0
Sat.,17-Dec-16,Houston,Minnesota,1.0,1.0
Sat.,17-Dec-16,New York,Denver,1.0,1.0
Sat.,17-Dec-16,Portland,Golden State,1.0,1.0
Sun.,18-Dec-16,L.A. Clippers,Washington,1.0,1.0
Sun.,18-Dec-16,Utah,Memphis,1.0,1.0
Sun.,18-Dec-16,Brooklyn,Philadelphia,1.0,1.0
Sun.,18-Dec-16,Toronto,Orlando,1.0,1.0
Sun.,18-Dec-16,Boston,Miami,1.0,1.0
Sun.,18-Dec-16,Sacramento,Dallas,1.0,1.0
Sun.,18-Dec-16,New Orleans,San Antonio,1.0,1.0
Mon.,19-Dec-16,Washington,Indiana,1.0,1.0
Mon.,19-Dec-16,Detroit,Chicago,1.0,1.0
Mon.,19-Dec-16,Atlanta,Oklahoma City,1.0,1.0
Mon.,19-Dec-16,Phoenix,Minnesota,1.0,1.0
Mon.,19-Dec-16,Dallas,Denver,1.0,1.0
Tue.,20-Dec-16,New Orleans,Philadelphia,1.0,1.0
Tue.,20-Dec-16,L.A. Lakers,Charlotte,1.0,1.0
Tue.,20-Dec-16,Brooklyn,Toronto,1.0,1.0
Tue.,20-Dec-16,Indiana,New York,1.0,1.0
Tue.,20-Dec-16,Orlando,Miami,1.0,1.0
Tue.,20-Dec-16,Cleveland,Milwaukee,1.0,1.0
Tue.,20-Dec-16,Boston,Memphis,1.0,1.0
Tue.,20-Dec-16,San Antonio,Houston,1.0,1.0
Tue.,20-Dec-16,Denver,L.A. Clippers,1.0,1.0
Tue.,20-Dec-16,Utah,Golden State,1.0,1.0
Tue.,20-Dec-16,Portland,Sacramento,1.0,1.0
Wed.,21-Dec-16,Milwaukee,Cleveland,1.0,1.0
Wed.,21-Dec-16,Minnesota,Atlanta,1.0,1.0
Wed.,21-Dec-16,Memphis,Detroit,1.0,1.0
Wed.,21-Dec-16,Washington,Chicago,1.0,1.0
Wed.,21-Dec-16,Oklahoma City,New Orleans,1.0,1.0
Wed.,21-Dec-16,Sacramento,Utah,1.0,1.0
Wed.,21-Dec-16,Houston,Phoenix,1.0,1.0
Wed.,21-Dec-16,Dallas,Portland,1.0,1.0
Thu.,22-Dec-16,Golden State,Brooklyn,1.0,1.0
Thu.,22-Dec-16,Orlando,New York,1.0,1.0
Thu.,22-Dec-16,L.A. Lakers,Miami,1.0,1.0
Thu.,22-Dec-16,Boston,Indiana,1.0,1.0
Thu.,22-Dec-16,San Antonio,L.A. Clippers,1.0,1.0
Fri.,23-Dec-16,Chicago,Charlotte,1.0,1.0
Fri.,23-Dec-16,L.A. Lakers,Orlando,1.0,1.0
Fri.,23-Dec-16,Brooklyn,Cleveland,1.0,1.0
Fri.,23-Dec-16,Oklahoma City,Boston,1.0,1.0
Fri.,23-Dec-16,Golden State,Detroit,1.0,1.0
Fri.,23-Dec-16,Washington,Milwaukee,1.0,1.0
Fri.,23-Dec-16,Houston,Memphis,1.0,1.0
Fri.,23-Dec-16,Miami,New Orleans,1.0,1.0
Fri.,23-Dec-16,Sacramento,Minnesota,1.0,1.0
Fri.,23-Dec-16,Atlanta,Denver,1.0,1.0
Fri.,23-Dec-16,Toronto,Utah,1.0,1.0
Fri.,23-Dec-16,Philadelphia,Phoenix,1.0,1.0
Fri.,23-Dec-16,San Antonio,Portland,1.0,1.0
Fri.,23-Dec-16,Dallas,L.A. Clippers,1.0,1.0
Sun.,25-Dec-16,Boston,New York,1.0,1.0
Sun.,25-Dec-16,Golden State,Cleveland,1.0,1.0
Sun.,25-Dec-16,Chicago,San Antonio,1.0,1.0
Sun.,25-Dec-16,Minnesota,Oklahoma City,1.0,1.0
Sun.,25-Dec-16,L.A. Clippers,L.A. Lakers,1.0,1.0
Mon.,26-Dec-16,Milwaukee,Washington,1.0,1.0
Mon.,26-Dec-16,Memphis,Orlando,1.0,1.0
Mon.,26-Dec-16,Charlotte,Brooklyn,1.0,1.0
Mon.,26-Dec-16,Cleveland,Detroit,1.0,1.0
Mon.,26-Dec-16,Indiana,Chicago,1.0,1.0
Mon.,26-Dec-16,Dallas,New Orleans,1.0,1.0
Mon.,26-Dec-16,Phoenix,Houston,1.0,1.0
Mon.,26-Dec-16,Atlanta,Minnesota,1.0,1.0
Mon.,26-Dec-16,Toronto,Portland,1.0,1.0
Mon.,26-Dec-16,Denver,L.A. Clippers,1.0,1.0
Mon.,26-Dec-16,Philadelphia,Sacramento,1.0,1.0
Tue.,27-Dec-16,Memphis,Boston,1.0,1.0
Tue.,27-Dec-16,Oklahoma City,Miami,1.0,1.0
Tue.,27-Dec-16,Houston,Dallas,1.0,1.0
Tue.,27-Dec-16,Utah,L.A. Lakers,1.0,1.0
Wed.,28-Dec-16,Indiana,Washington,1.0,1.0
Wed.,28-Dec-16,Charlotte,Orlando,1.0,1.0
Wed.,28-Dec-16,New York,Atlanta,1.0,1.0
Wed.,28-Dec-16,Milwaukee,Detroit,1.0,1.0
Wed.,28-Dec-16,Brooklyn,Chicago,1.0,1.0
Wed.,28-Dec-16,L.A. Clippers,New Orleans,1.0,1.0
Wed.,28-Dec-16,Phoenix,San Antonio,1.0,1.0
Wed.,28-Dec-16,Minnesota,Denver,1.0,1.0
Wed.,28-Dec-16,Sacramento,Portland,1.0,1.0
Wed.,28-Dec-16,Toronto,Golden State,1.0,1.0
Thu.,29-Dec-16,Miami,Charlotte,1.0,1.0
Thu.,29-Dec-16,Oklahoma City,Memphis,1.0,1.0
Thu.,29-Dec-16,Boston,Cleveland,1.0,1.0
Thu.,29-Dec-16,Philadelphia,Utah,1.0,1.0
Thu.,29-Dec-16,Toronto,Phoenix,1.0,1.0
Thu.,29-Dec-16,Dallas,L.A. Lakers,1.0,1.0
Fri.,30-Dec-16,Chicago,Indiana,1.0,1.0
Fri.,30-Dec-16,Brooklyn,Washington,1.0,1.0
Fri.,30-Dec-16,Miami,Boston,1.0,1.0
Fri.,30-Dec-16,New York,New Orleans,1.0,1.0
Fri.,30-Dec-16,L.A. Clippers,Houston,1.0,1.0
Fri.,30-Dec-16,Milwaukee,Minnesota,1.0,1.0
Fri.,30-Dec-16,Detroit,Atlanta,1.0,1.0
Fri.,30-Dec-16,Portland,San Antonio,1.0,1.0
Fri.,30-Dec-16,Philadelphia,Denver,1.0,1.0
Fri.,30-Dec-16,Dallas,Golden State,1.0,1.0
Sat.,31-Dec-16,Memphis,Sacramento,1.0,1.0
Sat.,31-Dec-16,Milwaukee,Chicago,1.0,1.0
Sat.,31-Dec-16,New York,Houston,1.0,1.0
Sat.,31-Dec-16,Cleveland,Charlotte,1.0,1.0
Sat.,31-Dec-16,Phoenix,Utah,1.0,1.0
Sat.,31-Dec-16,L.A. Clippers,Oklahoma City,1.0,1.0
Sun.,1-Jan-17,San Antonio,Atlanta,1.0,1.0
Sun.,1-Jan-17,Detroit,Miami,1.0,1.0
Sun.,1-Jan-17,Orlando,Indiana,1.0,1.0
Sun.,1-Jan-17,Portland,Minnesota,1.0,1.0
Sun.,1-Jan-17,Toronto,L.A. Lakers,1.0,1.0
Mon.,2-Jan-17,Oklahoma City,Milwaukee,1.0,1.0
Mon.,2-Jan-17,New Orleans,Cleveland,1.0,1.0
Mon.,2-Jan-17,Utah,Brooklyn,1.0,1.0
Mon.,2-Jan-17,Orlando,New York,1.0,1.0
Mon.,2-Jan-17,Charlotte,Chicago,1.0,1.0
Mon.,2-Jan-17,Washington,Houston,1.0,1.0
Mon.,2-Jan-17,Phoenix,L.A. Clippers,1.0,1.0
Mon.,2-Jan-17,Denver,Golden State,1.0,1.0
Tue.,3-Jan-17,Minnesota,Philadelphia,1.0,1.0
Tue.,3-Jan-17,Utah,Boston,1.0,1.0
Tue.,3-Jan-17,Indiana,Detroit,1.0,1.0
Tue.,3-Jan-17,Washington,Dallas,1.0,1.0
Tue.,3-Jan-17,Toronto,San Antonio,1.0,1.0
Tue.,3-Jan-17,Sacramento,Denver,1.0,1.0
Tue.,3-Jan-17,Miami,Phoenix,1.0,1.0
Tue.,3-Jan-17,Memphis,L.A. Lakers,1.0,1.0
Wed.,4-Jan-17,Oklahoma City,Charlotte,1.0,1.0
Wed.,4-Jan-17,Atlanta,Orlando,1.0,1.0
Wed.,4-Jan-17,Milwaukee,New York,1.0,1.0
Wed.,4-Jan-17,Chicago,Cleveland,1.0,1.0
Wed.,4-Jan-17,Memphis,L.A. Clippers,1.0,1.0
Wed.,4-Jan-17,Portland,Golden State,1.0,1.0
Wed.,4-Jan-17,Miami,Sacramento,1.0,1.0
Thu.,5-Jan-17,Brooklyn,Indiana,1.0,1.0
Thu.,5-Jan-17,Utah,Toronto,1.0,1.0
Thu.,5-Jan-17,Charlotte,Detroit,1.0,1.0
Thu.,5-Jan-17,Atlanta,New Orleans,1.0,1.0
Thu.,5-Jan-17,Oklahoma City,Houston,1.0,1.0
Thu.,5-Jan-17,Phoenix,Dallas,1.0,1.0
Thu.,5-Jan-17,L.A. Lakers,Portland,1.0,1.0
Thu.,5-Jan-17,San Antonio,Denver,1.0,1.0
Fri.,6-Jan-17,Minnesota,Washington,1.0,1.0
Fri.,6-Jan-17,Houston,Orlando,1.0,1.0
Fri.,6-Jan-17,Philadelphia,Boston,1.0,1.0
Fri.,6-Jan-17,Cleveland,Brooklyn,1.0,1.0
Fri.,6-Jan-17,New York,Milwaukee,1.0,1.0
Fri.,6-Jan-17,Miami,L.A. Lakers,1.0,1.0
Fri.,6-Jan-17,Memphis,Golden State,1.0,1.0
Fri.,6-Jan-17,L.A. Clippers,Sacramento,1.0,1.0
Sat.,7-Jan-17,New York,Indiana,1.0,1.0
Sat.,7-Jan-17,New Orleans,Boston,1.0,1.0
Sat.,7-Jan-17,Toronto,Chicago,1.0,1.0
Sat.,7-Jan-17,Denver,Oklahoma City,1.0,1.0
Sat.,7-Jan-17,Utah,Minnesota,1.0,1.0
Sat.,7-Jan-17,Atlanta,Dallas,1.0,1.0
Sat.,7-Jan-17,Charlotte,San Antonio,1.0,1.0
Sat.,7-Jan-17,Detroit,Portland,1.0,1.0
Sun.,8-Jan-17,Philadelphia,Brooklyn,1.0,1.0
Sun.,8-Jan-17,Miami,L.A. Clippers,1.0,1.0
Sun.,8-Jan-17,Washington,Milwaukee,1.0,1.0
Sun.,8-Jan-17,Houston,Toronto,1.0,1.0
Sun.,8-Jan-17,Utah,Memphis,1.0,1.0
Sun.,8-Jan-17,Cleveland,Phoenix,1.0,1.0
Sun.,8-Jan-17,Golden State,Sacramento,1.0,1.0
Sun.,8-Jan-17,Orlando,L.A. Lakers,1.0,1.0
Mon.,9-Jan-17,New Orleans,New York,1.0,1.0
Mon.,9-Jan-17,Oklahoma City,Chicago,1.0,1.0
Mon.,9-Jan-17,Dallas,Minnesota,1.0,1.0
Tue.,10-Jan-17,Chicago,Washington,1.0,1.0
Tue.,10-Jan-17,Boston,Toronto,1.0,1.0
Tue.,10-Jan-17,Atlanta,Brooklyn,1.0,1.0
Tue.,10-Jan-17,Charlotte,Houston,1.0,1.0
Tue.,10-Jan-17,Milwaukee,San Antonio,1.0,1.0
Tue.,10-Jan-17,Cleveland,Utah,1.0,1.0
Tue.,10-Jan-17,Portland,L.A. Lakers,1.0,1.0
Tue.,10-Jan-17,Miami,Golden State,1.0,1.0
Tue.,10-Jan-17,Detroit,Sacramento,1.0,1.0
Wed.,11-Jan-17,New York,Philadelphia,1.0,1.0
Wed.,11-Jan-17,Memphis,Oklahoma City,1.0,1.0
Wed.,11-Jan-17,Houston,Minnesota,1.0,1.0
Wed.,11-Jan-17,Washington,Boston,1.0,1.0
Wed.,11-Jan-17,Orlando,L.A. Clippers,1.0,1.0
Wed.,11-Jan-17,Cleveland,Portland,1.0,1.0
Thu.,12-Jan-17,New Orleans,Brooklyn,1.0,1.0
Thu.,12-Jan-17,Chicago,New York,1.0,1.0
Thu.,12-Jan-17,L.A. Lakers,San Antonio,1.0,1.0
Thu.,12-Jan-17,Indiana,Denver**,1.0,1.0
Thu.,12-Jan-17,Detroit,Golden State,1.0,1.0
Thu.,12-Jan-17,Dallas,Phoenix*,1.0,1.0
Fri.,13-Jan-17,Brooklyn,Toronto,1.0,1.0
Fri.,13-Jan-17,Charlotte,Philadelphia,1.0,1.0
Fri.,13-Jan-17,Miami,Milwaukee,1.0,1.0
Fri.,13-Jan-17,Memphis,Houston,1.0,1.0
Fri.,13-Jan-17,Oklahoma City,Minnesota,1.0,1.0
Fri.,13-Jan-17,Boston,Atlanta,1.0,1.0
Fri.,13-Jan-17,Orlando,Portland,1.0,1.0
Fri.,13-Jan-17,Cleveland,Sacramento,1.0,1.0
Fri.,13-Jan-17,Detroit,Utah,1.0,1.0
Sat.,14-Jan-17,L.A. Lakers,L.A. Clippers,1.0,1.0
Sat.,14-Jan-17,New Orleans,Chicago,1.0,1.0
Sat.,14-Jan-17,Philadelphia,Washington,1.0,1.0
Sat.,14-Jan-17,Orlando,Utah,1.0,1.0
Sat.,14-Jan-17,San Antonio,Phoenix*,1.0,1.0
Sun.,15-Jan-17,New York,Toronto,1.0,1.0
Sun.,15-Jan-17,Milwaukee,Atlanta,1.0,1.0
Sun.,15-Jan-17,Minnesota,Dallas,1.0,1.0
Sun.,15-Jan-17,Houston,Brooklyn,1.0,1.0
Sun.,15-Jan-17,Oklahoma City,Sacramento,1.0,1.0
Sun.,15-Jan-17,Chicago,Memphis,1.0,1.0
Sun.,15-Jan-17,Detroit,L.A. Lakers,1.0,1.0
Mon.,16-Jan-17,Atlanta,New York,1.0,1.0
Mon.,16-Jan-17,Portland,Washington,1.0,1.0
Mon.,16-Jan-17,Philadelphia,Milwaukee,1.0,1.0
Mon.,16-Jan-17,New Orleans,Indiana,1.0,1.0
Mon.,16-Jan-17,Orlando,Denver,1.0,1.0
Mon.,16-Jan-17,Charlotte,Boston,1.0,1.0
Mon.,16-Jan-17,Cleveland,Golden State,1.0,1.0
Mon.,16-Jan-17,Utah,Phoenix,1.0,1.0
Mon.,16-Jan-17,Oklahoma City,L.A. Clippers,1.0,1.0
Tue.,17-Jan-17,Toronto,Brooklyn,1.0,1.0
Tue.,17-Jan-17,Houston,Miami,1.0,1.0
Tue.,17-Jan-17,Dallas,Chicago,1.0,1.0
Tue.,17-Jan-17,Minnesota,San Antonio,1.0,1.0
Tue.,17-Jan-17,Denver,L.A. Lakers,1.0,1.0
Wed.,18-Jan-17,Toronto,Philadelphia,1.0,1.0
Wed.,18-Jan-17,Memphis,Washington,1.0,1.0
Wed.,18-Jan-17,Portland,Charlotte,1.0,1.0
Wed.,18-Jan-17,New York,Boston,1.0,1.0
Wed.,18-Jan-17,Orlando,New Orleans,1.0,1.0
Wed.,18-Jan-17,Milwaukee,Houston,1.0,1.0
Wed.,18-Jan-17,Atlanta,Detroit,1.0,1.0
Wed.,18-Jan-17,Oklahoma City,Golden State,1.0,1.0
Wed.,18-Jan-17,Indiana,Sacramento,1.0,1.0
Thu.,19-Jan-17,Phoenix,Cleveland,1.0,1.0
Thu.,19-Jan-17,Dallas,Miami,1.0,1.0
Thu.,19-Jan-17,Washington,New York,1.0,1.0
Thu.,19-Jan-17,Denver,San Antonio,1.0,1.0
Thu.,19-Jan-17,Minnesota,L.A. Clippers,1.0,1.0
Fri.,20-Jan-17,Portland,Philadelphia,1.0,1.0
Fri.,20-Jan-17,Toronto,Charlotte,1.0,1.0
Fri.,20-Jan-17,Milwaukee,Orlando,1.0,1.0
Fri.,20-Jan-17,Sacramento,Memphis,1.0,1.0
Fri.,20-Jan-17,Brooklyn,New Orleans,1.0,1.0
Fri.,20-Jan-17,Golden State,Houston,1.0,1.0
Fri.,20-Jan-17,Chicago,Atlanta,1.0,1.0
Fri.,20-Jan-17,Utah,Dallas,1.0,1.0
Fri.,20-Jan-17,Indiana,L.A. Lakers,1.0,1.0
Sat.,21-Jan-17,Portland,Boston,1.0,1.0
Sat.,21-Jan-17,Washington,Detroit,1.0,1.0
Sat.,21-Jan-17,Brooklyn,Charlotte,1.0,1.0
Sat.,21-Jan-17,Philadelphia,Atlanta,1.0,1.0
Sat.,21-Jan-17,Phoenix,New York,1.0,1.0
Sat.,21-Jan-17,Milwaukee,Miami,1.0,1.0
Sat.,21-Jan-17,Houston,Memphis,1.0,1.0
Sat.,21-Jan-17,San Antonio,Cleveland,1.0,1.0
Sat.,21-Jan-17,L.A. Clippers,Denver,1.0,1.0
Sat.,21-Jan-17,Indiana,Utah,1.0,1.0
Sat.,21-Jan-17,Sacramento,Chicago,1.0,1.0
Sun.,22-Jan-17,Golden State,Orlando,1.0,1.0
Sun.,22-Jan-17,L.A. Lakers,Dallas,1.0,1.0
Sun.,22-Jan-17,Phoenix,Toronto,1.0,1.0
Sun.,22-Jan-17,Denver,Minnesota,1.0,1.0
Mon.,23-Jan-17,Washington,Charlotte,1.0,1.0
Mon.,23-Jan-17,San Antonio,Brooklyn,1.0,1.0
Mon.,23-Jan-17,L.A. Clippers,Atlanta,1.0,1.0
Mon.,23-Jan-17,Golden State,Miami,1.0,1.0
Mon.,23-Jan-17,Sacramento,Detroit,1.0,1.0
Mon.,23-Jan-17,Houston,Milwaukee,1.0,1.0
Mon.,23-Jan-17,Cleveland,New Orleans,1.0,1.0
Mon.,23-Jan-17,New York,Indiana,1.0,1.0
Mon.,23-Jan-17,Oklahoma City,Utah,1.0,1.0
Tue.,24-Jan-17,San Antonio,Toronto,1.0,1.0
Tue.,24-Jan-17,L.A. Clippers,Philadelphia,1.0,1.0
Tue.,24-Jan-17,Boston,Washington,1.0,1.0
Tue.,24-Jan-17,Chicago,Orlando,1.0,1.0
Tue.,24-Jan-17,Utah,Denver,1.0,1.0
Tue.,24-Jan-17,Minnesota,Phoenix,1.0,1.0
Wed.,25-Jan-17,Sacramento,Cleveland,1.0,1.0
Wed.,25-Jan-17,Houston,Boston,1.0,1.0
Wed.,25-Jan-17,Miami,Brooklyn,1.0,1.0
Wed.,25-Jan-17,Atlanta,Chicago,1.0,1.0
Wed.,25-Jan-17,Philadelphia,Milwaukee,1.0,1.0
Wed.,25-Jan-17,Toronto,Memphis,1.0,1.0
Wed.,25-Jan-17,Oklahoma City,New Orleans,1.0,1.0
Wed.,25-Jan-17,Golden State,Charlotte,1.0,1.0
Wed.,25-Jan-17,New York,Dallas,1.0,1.0
Wed.,25-Jan-17,L.A. Lakers,Portland,1.0,1.0
Thu.,26-Jan-17,Dallas,Oklahoma City,1.0,1.0
Thu.,26-Jan-17,Indiana,Minnesota,1.0,1.0
Thu.,26-Jan-17,Phoenix,Denver,1.0,1.0
Thu.,26-Jan-17,L.A. Lakers,Utah,1.0,1.0
Fri.,27-Jan-17,Houston,Philadelphia,1.0,1.0
Fri.,27-Jan-17,Brooklyn,Cleveland,1.0,1.0
Fri.,27-Jan-17,Sacramento,Indiana,1.0,1.0
Fri.,27-Jan-17,Orlando,Boston,1.0,1.0
Fri.,27-Jan-17,Milwaukee,Toronto,1.0,1.0
Fri.,27-Jan-17,Charlotte,New York,1.0,1.0
Fri.,27-Jan-17,Miami,Chicago,1.0,1.0
Fri.,27-Jan-17,San Antonio,New Orleans,1.0,1.0
Fri.,27-Jan-17,Washington,Atlanta,1.0,1.0
Fri.,27-Jan-17,Memphis,Portland,1.0,1.0
Sat.,28-Jan-17,Sacramento,Charlotte,1.0,1.0
Sat.,28-Jan-17,Detroit,Miami,1.0,1.0
Sat.,28-Jan-17,Boston,Milwaukee,1.0,1.0
Sat.,28-Jan-17,L.A. Clippers,Golden State,1.0,1.0
Sat.,28-Jan-17,Memphis,Utah,1.0,1.0
Sat.,28-Jan-17,Denver,Phoenix,1.0,1.0
Sat.,28-Jan-17,Brooklyn,Minnesota,1.0,1.0
Sun.,29-Jan-17,New York,Atlanta,1.0,1.0
Sun.,29-Jan-17,Oklahoma City,Cleveland,1.0,1.0
Sun.,29-Jan-17,Houston,Indiana,1.0,1.0
Sun.,29-Jan-17,Washington,New Orleans,1.0,1.0
Sun.,29-Jan-17,Orlando,Toronto,1.0,1.0
Sun.,29-Jan-17,Philadelphia,Chicago,1.0,1.0
Sun.,29-Jan-17,Dallas,San Antonio,1.0,1.0
Sun.,29-Jan-17,Golden State,Portland,1.0,1.0
Mon.,30-Jan-17,Brooklyn,Miami,1.0,1.0
Mon.,30-Jan-17,Orlando,Minnesota,1.0,1.0
Mon.,30-Jan-17,Detroit,Boston,1.0,1.0
Mon.,30-Jan-17,Cleveland,Dallas,1.0,1.0
Mon.,30-Jan-17,Memphis,Phoenix,1.0,1.0
Tue.,31-Jan-17,New York,Washington,1.0,1.0
Tue.,31-Jan-17,New Orleans,Toronto,1.0,1.0
Tue.,31-Jan-17,Sacramento,Houston,1.0,1.0
Tue.,31-Jan-17,Oklahoma City,San Antonio,1.0,1.0
Tue.,31-Jan-17,Charlotte,Portland,1.0,1.0
Tue.,31-Jan-17,Denver,L.A. Lakers,1.0,1.0
Wed.,1-Feb-17,Indiana,Orlando,1.0,1.0
Wed.,1-Feb-17,Minnesota,Cleveland,1.0,1.0
Wed.,1-Feb-17,Toronto,Boston,1.0,1.0
Wed.,1-Feb-17,New York,Brooklyn,1.0,1.0
Wed.,1-Feb-17,Atlanta,Miami,1.0,1.0
Wed.,1-Feb-17,New Orleans,Detroit,1.0,1.0
Wed.,1-Feb-17,Philadelphia,Dallas,1.0,1.0
Wed.,1-Feb-17,Memphis,Denver,1.0,1.0
Wed.,1-Feb-17,Milwaukee,Utah,1.0,1.0
Wed.,1-Feb-17,L.A. Clippers,Phoenix,1.0,1.0
Wed.,1-Feb-17,Chicago,Oklahoma City,1.0,1.0
Wed.,1-Feb-17,Charlotte,Golden State,1.0,1.0
Thu.,2-Feb-17,L.A. Lakers,Washington,1.0,1.0
Thu.,2-Feb-17,Atlanta,Houston,1.0,1.0
Thu.,2-Feb-17,Philadelphia,San Antonio,1.0,1.0
Thu.,2-Feb-17,Golden State,L.A. Clippers,1.0,1.0
Fri.,3-Feb-17,Toronto,Orlando,1.0,1.0
Fri.,3-Feb-17,Indiana,Brooklyn,1.0,1.0
Fri.,3-Feb-17,Minnesota,Detroit,1.0,1.0
Fri.,3-Feb-17,Chicago,Houston,1.0,1.0
Fri.,3-Feb-17,Memphis,Oklahoma City,1.0,1.0
Fri.,3-Feb-17,L.A. Lakers,Boston,1.0,1.0
Fri.,3-Feb-17,Milwaukee,Denver,1.0,1.0
Fri.,3-Feb-17,Phoenix,Sacramento,1.0,1.0
Fri.,3-Feb-17,Dallas,Portland,1.0,1.0
Sat.,4-Feb-17,New Orleans,Washington,1.0,1.0
Sat.,4-Feb-17,Orlando,Atlanta,1.0,1.0
Sat.,4-Feb-17,Detroit,Indiana,1.0,1.0
Sat.,4-Feb-17,Philadelphia,Miami,1.0,1.0
Sat.,4-Feb-17,Cleveland,New York,1.0,1.0
Sat.,4-Feb-17,Charlotte,Utah,1.0,1.0
Sat.,4-Feb-17,Milwaukee,Phoenix,1.0,1.0
Sat.,4-Feb-17,Denver,San Antonio,1.0,1.0
Sat.,4-Feb-17,Memphis,Minnesota,1.0,1.0
Sat.,4-Feb-17,Golden State,Sacramento,1.0,1.0
Sun.,5-Feb-17,Toronto,Brooklyn,1.0,1.0
Sun.,5-Feb-17,L.A. Clippers,Boston,1.0,1.0
Sun.,5-Feb-17,Portland,Oklahoma City,1.0,1.0
Mon.,6-Feb-17,L.A. Lakers,New York,1.0,1.0
Mon.,6-Feb-17,Cleveland,Washington,1.0,1.0
Mon.,6-Feb-17,Oklahoma City,Indiana,1.0,1.0
Mon.,6-Feb-17,L.A. Clippers,Toronto,1.0,1.0
Mon.,6-Feb-17,Utah,Atlanta,1.0,1.0
Mon.,6-Feb-17,Philadelphia,Detroit,1.0,1.0
Mon.,6-Feb-17,Phoenix,New Orleans,1.0,1.0
Mon.,6-Feb-17,Miami,Minnesota,1.0,1.0
Mon.,6-Feb-17,Dallas,Denver,1.0,1.0
Mon.,6-Feb-17,San Antonio,Memphis,1.0,1.0
Mon.,6-Feb-17,Chicago,Sacramento,1.0,1.0
Tue.,7-Feb-17,Brooklyn,Charlotte,1.0,1.0
Tue.,7-Feb-17,Orlando,Houston,1.0,1.0
Tue.,7-Feb-17,Portland,Dallas,1.0,1.0
Wed.,8-Feb-17,San Antonio,Philadelphia,1.0,1.0
Wed.,8-Feb-17,Cleveland,Indiana,1.0,1.0
Wed.,8-Feb-17,Washington,Brooklyn,1.0,1.0
Wed.,8-Feb-17,Denver,Atlanta,1.0,1.0
Wed.,8-Feb-17,L.A. Lakers,Detroit,1.0,1.0
Wed.,8-Feb-17,Miami,Milwaukee,1.0,1.0
Wed.,8-Feb-17,Phoenix,Memphis,1.0,1.0
Wed.,8-Feb-17,Utah,New Orleans,1.0,1.0
Wed.,8-Feb-17,Toronto,Minnesota,1.0,1.0
Wed.,8-Feb-17,L.A. Clippers,New York,1.0,1.0
Wed.,8-Feb-17,Chicago,Golden State,1.0,1.0
Wed.,8-Feb-17,Boston,Sacramento,1.0,1.0
Thu.,9-Feb-17,Houston,Charlotte,1.0,1.0
Thu.,9-Feb-17,Philadelphia,Orlando,1.0,1.0
Thu.,9-Feb-17,Cleveland,Oklahoma City,1.0,1.0
Thu.,9-Feb-17,Utah,Dallas,1.0,1.0
Thu.,9-Feb-17,Boston,Portland,1.0,1.0
Fri.,10-Feb-17,Miami,Brooklyn,1.0,1.0
Fri.,10-Feb-17,Denver,New York,1.0,1.0
Fri.,10-Feb-17,San Antonio,Detroit,1.0,1.0
Fri.,10-Feb-17,L.A. Lakers,Milwaukee,1.0,1.0
Fri.,10-Feb-17,Golden State,Memphis,1.0,1.0
Fri.,10-Feb-17,New Orleans,Minnesota,1.0,1.0
Fri.,10-Feb-17,Indiana,Washington,1.0,1.0
Fri.,10-Feb-17,Atlanta,Sacramento,1.0,1.0
Fri.,10-Feb-17,Chicago,Phoenix,1.0,1.0
Sat.,11-Feb-17,L.A. Clippers,Charlotte,1.0,1.0
Sat.,11-Feb-17,Milwaukee,Indiana,1.0,1.0
Sat.,11-Feb-17,Miami,Philadelphia,1.0,1.0
Sat.,11-Feb-17,Denver,Cleveland,1.0,1.0
Sat.,11-Feb-17,Phoenix,Houston,1.0,1.0
Sat.,11-Feb-17,Golden State,Oklahoma City,1.0,1.0
Sat.,11-Feb-17,Orlando,Dallas,1.0,1.0
Sat.,11-Feb-17,Boston,Utah,1.0,1.0
Sun.,12-Feb-17,Chicago,Minnesota,1.0,1.0
Sun.,12-Feb-17,San Antonio,New York,1.0,1.0
Sun.,12-Feb-17,Detroit,Toronto,1.0,1.0
Sun.,12-Feb-17,New Orleans,Sacramento,1.0,1.0
Mon.,13-Feb-17,Oklahoma City,Washington,1.0,1.0
Mon.,13-Feb-17,Philadelphia,Charlotte,1.0,1.0
Mon.,13-Feb-17,Memphis,Brooklyn,1.0,1.0
Mon.,13-Feb-17,Orlando,Miami,1.0,1.0
Mon.,13-Feb-17,Detroit,Milwaukee,1.0,1.0
Mon.,13-Feb-17,San Antonio,Indiana,1.0,1.0
Mon.,13-Feb-17,Boston,Dallas,1.0,1.0
Mon.,13-Feb-17,Golden State,Denver,1.0,1.0
Mon.,13-Feb-17,L.A. Clippers,Utah,1.0,1.0
Mon.,13-Feb-17,New Orleans,Phoenix,1.0,1.0
Mon.,13-Feb-17,Atlanta,Portland,1.0,1.0
Tue.,14-Feb-17,Toronto,Chicago,1.0,1.0
Tue.,14-Feb-17,Cleveland,Minnesota,1.0,1.0
Tue.,14-Feb-17,Sacramento,L.A. Lakers,1.0,1.0
Wed.,15-Feb-17,San Antonio,Orlando,1.0,1.0
Wed.,15-Feb-17,Indiana,Cleveland,1.0,1.0
Wed.,15-Feb-17,Philadelphia,Boston,1.0,1.0
Wed.,15-Feb-17,Charlotte,Toronto,1.0,1.0
Wed.,15-Feb-17,Milwaukee,Brooklyn,1.0,1.0
Wed.,15-Feb-17,Dallas,Detroit,1.0,1.0
Wed.,15-Feb-17,New Orleans,Memphis,1.0,1.0
Wed.,15-Feb-17,Miami,Houston,1.0,1.0
Wed.,15-Feb-17,Minnesota,Denver,1.0,1.0
Wed.,15-Feb-17,Portland,Utah,1.0,1.0
Wed.,15-Feb-17,L.A. Lakers,Phoenix,1.0,1.0
Wed.,15-Feb-17,New York,Oklahoma City,1.0,1.0
Wed.,15-Feb-17,Atlanta,L.A. Clippers,1.0,1.0
Wed.,15-Feb-17,Sacramento,Golden State,1.0,1.0
Thu.,16-Feb-17,Washington,Indiana,1.0,1.0
Thu.,16-Feb-17,Boston,Chicago,1.0,1.0
Thu.,23-Feb-17,Portland,Orlando,1.0,1.0
Thu.,23-Feb-17,Charlotte,Detroit,1.0,1.0
Thu.,23-Feb-17,Houston,New Orleans,1.0,1.0
Thu.,23-Feb-17,New York,Cleveland,1.0,1.0
Thu.,23-Feb-17,L.A. Clippers,Golden State,1.0,1.0
Thu.,23-Feb-17,Denver,Sacramento,1.0,1.0
Fri.,24-Feb-17,Washington,Philadelphia,1.0,1.0
Fri.,24-Feb-17,Memphis,Indiana,1.0,1.0
Fri.,24-Feb-17,Boston,Toronto,1.0,1.0
Fri.,24-Feb-17,Phoenix,Chicago,1.0,1.0
Fri.,24-Feb-17,Utah,Milwaukee,1.0,1.0
Fri.,24-Feb-17,L.A. Lakers,Oklahoma City,1.0,1.0
Fri.,24-Feb-17,Dallas,Minnesota,1.0,1.0
Fri.,24-Feb-17,Miami,Atlanta,1.0,1.0
Fri.,24-Feb-17,Brooklyn,Denver,1.0,1.0
Fri.,24-Feb-17,San Antonio,L.A. Clippers,1.0,1.0
Sat.,25-Feb-17,Charlotte,Sacramento,1.0,1.0
Sat.,25-Feb-17,Atlanta,Orlando,1.0,1.0
Sat.,25-Feb-17,Philadelphia,New York,1.0,1.0
Sat.,25-Feb-17,Indiana,Miami,1.0,1.0
Sat.,25-Feb-17,New Orleans,Dallas,1.0,1.0
Sat.,25-Feb-17,Chicago,Cleveland,1.0,1.0
Sat.,25-Feb-17,Minnesota,Houston,1.0,1.0
Sat.,25-Feb-17,Brooklyn,Golden State,1.0,1.0
Sun.,26-Feb-17,San Antonio,L.A. Lakers,1.0,1.0
Sun.,26-Feb-17,Phoenix,Milwaukee,1.0,1.0
Sun.,26-Feb-17,Memphis,Denver,1.0,1.0
Sun.,26-Feb-17,Utah,Washington,1.0,1.0
Sun.,26-Feb-17,Portland,Toronto,1.0,1.0
Sun.,26-Feb-17,Boston,Detroit,1.0,1.0
Sun.,26-Feb-17,New Orleans,Oklahoma City,1.0,1.0
Sun.,26-Feb-17,Charlotte,L.A. Clippers,1.0,1.0
Mon.,27-Feb-17,Toronto,New York,1.0,1.0
Mon.,27-Feb-17,Golden State,Philadelphia,1.0,1.0
Mon.,27-Feb-17,Milwaukee,Cleveland,1.0,1.0
Mon.,27-Feb-17,Atlanta,Boston,1.0,1.0
Mon.,27-Feb-17,Indiana,Houston,1.0,1.0
Mon.,27-Feb-17,Miami,Dallas,1.0,1.0
Mon.,27-Feb-17,Minnesota,Sacramento,1.0,1.0
Tue.,28-Feb-17,Golden State,Washington,1.0,1.0
Tue.,28-Feb-17,Portland,Detroit,1.0,1.0
Tue.,28-Feb-17,Denver,Chicago,1.0,1.0
Tue.,28-Feb-17,Phoenix,Memphis,1.0,1.0
Tue.,28-Feb-17,Utah,Oklahoma City,1.0,1.0
Tue.,28-Feb-17,Charlotte,L.A. Lakers,1.0,1.0
Wed.,1-Mar-17,New York,Orlando,1.0,1.0
Wed.,1-Mar-17,Washington,Toronto,1.0,1.0
Wed.,1-Mar-17,Dallas,Atlanta,1.0,1.0
Wed.,1-Mar-17,Philadelphia,Miami,1.0,1.0
Wed.,1-Mar-17,Denver,Milwaukee,1.0,1.0
Wed.,1-Mar-17,Detroit,New Orleans,1.0,1.0
Wed.,1-Mar-17,Cleveland,Boston,1.0,1.0
Wed.,1-Mar-17,Indiana,San Antonio,1.0,1.0
Wed.,1-Mar-17,Minnesota,Utah,1.0,1.0
Wed.,1-Mar-17,Houston,L.A. Clippers,1.0,1.0
Wed.,1-Mar-17,Brooklyn,Sacramento,1.0,1.0
Thu.,2-Mar-17,Golden State,Chicago,1.0,1.0
Thu.,2-Mar-17,Charlotte,Phoenix,1.0,1.0
Thu.,2-Mar-17,Oklahoma City,Portland,1.0,1.0
Fri.,3-Mar-17,New York,Philadelphia,1.0,1.0
Fri.,3-Mar-17,Toronto,Washington,1.0,1.0
Fri.,3-Mar-17,Miami,Orlando,1.0,1.0
Fri.,3-Mar-17,L.A. Clippers,Milwaukee,1.0,1.0
Fri.,3-Mar-17,Cleveland,Atlanta,1.0,1.0
Fri.,3-Mar-17,Memphis,Dallas,1.0,1.0
Fri.,3-Mar-17,Brooklyn,Utah,1.0,1.0
Fri.,3-Mar-17,Oklahoma City,Phoenix,1.0,1.0
Fri.,3-Mar-17,San Antonio,New Orleans,1.0,1.0
Fri.,3-Mar-17,Boston,L.A. Lakers,1.0,1.0
Sat.,4-Mar-17,Detroit,Philadelphia,1.0,1.0
Sat.,4-Mar-17,Toronto,Milwaukee,1.0,1.0
Sat.,4-Mar-17,Cleveland,Miami,1.0,1.0
Sat.,4-Mar-17,L.A. Clippers,Chicago,1.0,1.0
Sat.,4-Mar-17,Charlotte,Denver,1.0,1.0
Sat.,4-Mar-17,Memphis,Houston,1.0,1.0
Sat.,4-Mar-17,Minnesota,San Antonio,1.0,1.0
Sat.,4-Mar-17,Brooklyn,Portland,1.0,1.0
Sun.,5-Mar-17,Indiana,Atlanta,1.0,1.0
Sun.,5-Mar-17,Golden State,New York,1.0,1.0
Sun.,5-Mar-17,Boston,Phoenix,1.0,1.0
Sun.,5-Mar-17,Orlando,Washington,1.0,1.0
Sun.,5-Mar-17,Utah,Sacramento,1.0,1.0
Sun.,5-Mar-17,Oklahoma City,Dallas,1.0,1.0
Sun.,5-Mar-17,New Orleans,L.A. Lakers,1.0,1.0
Mon.,6-Mar-17,Milwaukee,Philadelphia,1.0,1.0
Mon.,6-Mar-17,New York,Orlando,1.0,1.0
Mon.,6-Mar-17,Miami,Cleveland,1.0,1.0
Mon.,6-Mar-17,Golden State,Atlanta,1.0,1.0
Mon.,6-Mar-17,Chicago,Detroit,1.0,1.0
Mon.,6-Mar-17,Brooklyn,Memphis,1.0,1.0
Mon.,6-Mar-17,Portland,Minnesota,1.0,1.0
Mon.,6-Mar-17,Indiana,Charlotte,1.0,1.0
Mon.,6-Mar-17,Houston,San Antonio,1.0,1.0
Mon.,6-Mar-17,Sacramento,Denver,1.0,1.0
Mon.,6-Mar-17,New Orleans,Utah,1.0,1.0
Mon.,6-Mar-17,Boston,L.A. Clippers,1.0,1.0
Tue.,7-Mar-17,Portland,Oklahoma City,1.0,1.0
Tue.,7-Mar-17,L.A. Lakers,Dallas,1.0,1.0
Tue.,7-Mar-17,Washington,Phoenix,1.0,1.0
Wed.,8-Mar-17,Chicago,Orlando,1.0,1.0
Wed.,8-Mar-17,Brooklyn,Atlanta,1.0,1.0
Wed.,8-Mar-17,Charlotte,Miami,1.0,1.0
Wed.,8-Mar-17,New York,Milwaukee,1.0,1.0
Wed.,8-Mar-17,Toronto,New Orleans,1.0,1.0
Wed.,8-Mar-17,Utah,Houston,1.0,1.0
Wed.,8-Mar-17,L.A. Clippers,Minnesota,1.0,1.0
Wed.,8-Mar-17,Detroit,Indiana,1.0,1.0
Wed.,8-Mar-17,Sacramento,San Antonio,1.0,1.0
Wed.,8-Mar-17,Washington,Denver,1.0,1.0
Wed.,8-Mar-17,Boston,Golden State,1.0,1.0
Thu.,9-Mar-17,Cleveland,Detroit,1.0,1.0
Thu.,9-Mar-17,L.A. Clippers,Memphis,1.0,1.0
Thu.,9-Mar-17,San Antonio,Oklahoma City,1.0,1.0
Thu.,9-Mar-17,Philadelphia,Portland,1.0,1.0
Thu.,9-Mar-17,L.A. Lakers,Phoenix,1.0,1.0
Fri.,10-Mar-17,Orlando,Charlotte,1.0,1.0
Fri.,10-Mar-17,Houston,Chicago,1.0,1.0
Fri.,10-Mar-17,Indiana,Milwaukee,1.0,1.0
Fri.,10-Mar-17,Golden State,Minnesota,1.0,1.0
Fri.,10-Mar-17,Toronto,Atlanta,1.0,1.0
Fri.,10-Mar-17,Boston,Denver,1.0,1.0
Fri.,10-Mar-17,Brooklyn,Dallas,1.0,1.0
Fri.,10-Mar-17,Washington,Sacramento,1.0,1.0
Sat.,11-Mar-17,Utah,Oklahoma City,1.0,1.0
Sat.,11-Mar-17,Philadelphia,L.A. Clippers,1.0,1.0
Sat.,11-Mar-17,New York,Detroit,1.0,1.0
Sat.,11-Mar-17,New Orleans,Charlotte,1.0,1.0
Sat.,11-Mar-17,Cleveland,Orlando,1.0,1.0
Sat.,11-Mar-17,Minnesota,Milwaukee,1.0,1.0
Sat.,11-Mar-17,Toronto,Miami,1.0,1.0
Sat.,11-Mar-17,Golden State,San Antonio,1.0,1.0
Sat.,11-Mar-17,Atlanta,Memphis,1.0,1.0
Sat.,11-Mar-17,Phoenix,Dallas,1.0,1.0
Sat.,11-Mar-17,Washington,Portland,1.0,1.0
Sat.,11-Mar-17,Denver,Sacramento,1.0,1.0
Sun.,12-Mar-17,Chicago,Boston,1.0,1.0
Sun.,12-Mar-17,New York,Brooklyn,1.0,1.0
Sun.,12-Mar-17,Miami,Indiana,1.0,1.0
Sun.,12-Mar-17,Portland,Phoenix,1.0,1.0
Sun.,12-Mar-17,Cleveland,Houston,1.0,1.0
Sun.,12-Mar-17,Philadelphia,L.A. Lakers,1.0,1.0
Mon.,13-Mar-17,Chicago,Charlotte,1.0,1.0
Mon.,13-Mar-17,Dallas,Toronto,1.0,1.0
Mon.,13-Mar-17,Milwaukee,Memphis,1.0,1.0
Mon.,13-Mar-17,Atlanta,San Antonio,1.0,1.0
Mon.,13-Mar-17,Washington,Minnesota,1.0,1.0
Mon.,13-Mar-17,L.A. Clippers,Utah,1.0,1.0
Mon.,13-Mar-17,Orlando,Sacramento,1.0,1.0
Mon.,13-Mar-17,L.A. Lakers,Denver,1.0,1.0
Tue.,14-Mar-17,Detroit,Cleveland,1.0,1.0
Tue.,14-Mar-17,Oklahoma City,Brooklyn,1.0,1.0
Tue.,14-Mar-17,Indiana,New York,1.0,1.0
Tue.,14-Mar-17,Portland,New Orleans,1.0,1.0
Tue.,14-Mar-17,Philadelphia,Golden State,1.0,1.0
Wed.,15-Mar-17,Dallas,Washington,1.0,1.0
Wed.,15-Mar-17,Charlotte,Indiana,1.0,1.0
Wed.,15-Mar-17,Minnesota,Boston,1.0,1.0
Wed.,15-Mar-17,New Orleans,Miami,1.0,1.0
Wed.,15-Mar-17,Utah,Detroit,1.0,1.0
Wed.,15-Mar-17,Memphis,Chicago,1.0,1.0
Wed.,15-Mar-17,L.A. Lakers,Houston,1.0,1.0
Wed.,15-Mar-17,Portland,San Antonio,1.0,1.0
Wed.,15-Mar-17,Sacramento,Phoenix,1.0,1.0
Wed.,15-Mar-17,Milwaukee,L.A. Clippers,1.0,1.0
Thu.,16-Mar-17,Utah,Cleveland,1.0,1.0
Thu.,16-Mar-17,Oklahoma City,Toronto,1.0,1.0
Thu.,16-Mar-17,Brooklyn,New York,1.0,1.0
Thu.,16-Mar-17,Memphis,Atlanta,1.0,1.0
Thu.,16-Mar-17,L.A. Clippers,Denver,1.0,1.0
Thu.,16-Mar-17,Orlando,Golden State,1.0,1.0
Fri.,17-Mar-17,Dallas,Philadelphia,1.0,1.0
Fri.,17-Mar-17,Chicago,Washington,1.0,1.0
Fri.,17-Mar-17,Boston,Brooklyn,1.0,1.0
Fri.,17-Mar-17,Toronto,Detroit,1.0,1.0
Fri.,17-Mar-17,Houston,New Orleans,1.0,1.0
Fri.,17-Mar-17,Minnesota,Miami,1.0,1.0
Fri.,17-Mar-17,Orlando,Phoenix,1.0,1.0
Fri.,17-Mar-17,Milwaukee,L.A. Lakers,1.0,1.0
Sat.,18-Mar-17,Sacramento,Oklahoma City,1.0,1.0
Sat.,18-Mar-17,Portland,Atlanta,1.0,1.0
Sat.,18-Mar-17,Washington,Charlotte,1.0,1.0
Sat.,18-Mar-17,Cleveland,L.A. Clippers,1.0,1.0
Sat.,18-Mar-17,Utah,Chicago,1.0,1.0
Sat.,18-Mar-17,San Antonio,Memphis,1.0,1.0
Sat.,18-Mar-17,Houston,Denver,1.0,1.0
Sat.,18-Mar-17,Milwaukee,Golden State,1.0,1.0
Sun.,19-Mar-17,Dallas,Brooklyn,1.0,1.0
Sun.,19-Mar-17,Boston,Philadelphia,1.0,1.0
Sun.,19-Mar-17,Phoenix,Detroit,1.0,1.0
Sun.,19-Mar-17,Minnesota,New Orleans,1.0,1.0
Sun.,19-Mar-17,Indiana,Toronto,1.0,1.0
Sun.,19-Mar-17,Portland,Miami,1.0,1.0
Sun.,19-Mar-17,Sacramento,San Antonio,1.0,1.0
Sun.,19-Mar-17,Cleveland,L.A. Lakers,1.0,1.0
Mon.,20-Mar-17,Atlanta,Charlotte,1.0,1.0
Mon.,20-Mar-17,Philadelphia,Orlando,1.0,1.0
Mon.,20-Mar-17,Utah,Indiana,1.0,1.0
Mon.,20-Mar-17,Washington,Boston,1.0,1.0
Mon.,20-Mar-17,Denver,Houston,1.0,1.0
Mon.,20-Mar-17,Golden State,Oklahoma City,1.0,1.0
Mon.,20-Mar-17,New York,L.A. Clippers,1.0,1.0
Tue.,21-Mar-17,Chicago,Toronto,1.0,1.0
Tue.,21-Mar-17,Detroit,Brooklyn,1.0,1.0
Tue.,21-Mar-17,Phoenix,Miami,1.0,1.0
Tue.,21-Mar-17,Memphis,New Orleans,1.0,1.0
Tue.,21-Mar-17,Golden State,Dallas,1.0,1.0
Tue.,21-Mar-17,San Antonio,Minnesota,1.0,1.0
Tue.,21-Mar-17,Milwaukee,Portland,1.0,1.0
Tue.,21-Mar-17,L.A. Clippers,L.A. Lakers,1.0,1.0
Wed.,22-Mar-17,Charlotte,Orlando,1.0,1.0
Wed.,22-Mar-17,Indiana,Boston,1.0,1.0
Wed.,22-Mar-17,Detroit,Chicago,1.0,1.0
Wed.,22-Mar-17,Philadelphia,Oklahoma City,1.0,1.0
Wed.,22-Mar-17,Atlanta,Washington,1.0,1.0
Wed.,22-Mar-17,Cleveland,Denver,1.0,1.0
Wed.,22-Mar-17,Milwaukee,Sacramento,1.0,1.0
Wed.,22-Mar-17,New York,Utah,1.0,1.0
Thu.,23-Mar-17,Phoenix,Brooklyn,1.0,1.0
Thu.,23-Mar-17,Toronto,Miami,1.0,1.0
Thu.,23-Mar-17,L.A. Clippers,Dallas,1.0,1.0
Thu.,23-Mar-17,Memphis,San Antonio,1.0,1.0
Thu.,23-Mar-17,New York,Portland,1.0,1.0
Fri.,24-Mar-17,Brooklyn,Washington,1.0,1.0
Fri.,24-Mar-17,Cleveland,Charlotte,1.0,1.0
Fri.,24-Mar-17,Detroit,Orlando,1.0,1.0
Fri.,24-Mar-17,Denver,Indiana,1.0,1.0
Fri.,24-Mar-17,Phoenix,Boston,1.0,1.0
Fri.,24-Mar-17,Philadelphia,Chicago,1.0,1.0
Fri.,24-Mar-17,Atlanta,Milwaukee,1.0,1.0
Fri.,24-Mar-17,New Orleans,Houston,1.0,1.0
Fri.,24-Mar-17,Minnesota,L.A. Lakers,1.0,1.0
Fri.,24-Mar-17,Sacramento,Golden State,1.0,1.0
Sat.,25-Mar-17,Utah,L.A. Clippers,1.0,1.0
Sat.,25-Mar-17,Washington,Cleveland,1.0,1.0
Sat.,25-Mar-17,Toronto,Dallas,1.0,1.0
Sat.,25-Mar-17,New York,San Antonio,1.0,1.0
Sat.,25-Mar-17,Minnesota,Portland,1.0,1.0
Sun.,26-Mar-17,Phoenix,Charlotte,1.0,1.0
Sun.,26-Mar-17,Brooklyn,Atlanta,1.0,1.0
Sun.,26-Mar-17,Sacramento,L.A. Clippers,1.0,1.0
Sun.,26-Mar-17,Chicago,Milwaukee,1.0,1.0
Sun.,26-Mar-17,Oklahoma City,Houston,1.0,1.0
Sun.,26-Mar-17,Philadelphia,Indiana,1.0,1.0
Sun.,26-Mar-17,Miami,Boston,1.0,1.0
Sun.,26-Mar-17,Memphis,Golden State,1.0,1.0
Sun.,26-Mar-17,New Orleans,Denver,1.0,1.0
Sun.,26-Mar-17,Portland,L.A. Lakers,1.0,1.0
Mon.,27-Mar-17,Orlando,Toronto,1.0,1.0
Mon.,27-Mar-17,Detroit,New York,1.0,1.0
Mon.,27-Mar-17,Cleveland,San Antonio,1.0,1.0
Mon.,27-Mar-17,Oklahoma City,Dallas,1.0,1.0
Mon.,27-Mar-17,Memphis,Sacramento,1.0,1.0
Mon.,27-Mar-17,New Orleans,Utah,1.0,1.0
Tue.,28-Mar-17,Milwaukee,Charlotte,1.0,1.0
Tue.,28-Mar-17,Minnesota,Indiana,1.0,1.0
Tue.,28-Mar-17,Philadelphia,Brooklyn,1.0,1.0
Tue.,28-Mar-17,Phoenix,Atlanta,1.0,1.0
Tue.,28-Mar-17,Miami,Detroit,1.0,1.0
Tue.,28-Mar-17,Golden State,Houston,1.0,1.0
Tue.,28-Mar-17,Denver,Portland,1.0,1.0
Tue.,28-Mar-17,Washington,L.A. Lakers,1.0,1.0
Wed.,29-Mar-17,Atlanta,Philadelphia,1.0,1.0
Wed.,29-Mar-17,Oklahoma City,Orlando,1.0,1.0
Wed.,29-Mar-17,Milwaukee,Boston,1.0,1.0
Wed.,29-Mar-17,Charlotte,Toronto,1.0,1.0
Wed.,29-Mar-17,Miami,New York,1.0,1.0
Wed.,29-Mar-17,Indiana,Memphis,1.0,1.0
Wed.,29-Mar-17,Dallas,New Orleans,1.0,1.0
Wed.,29-Mar-17,Golden State,San Antonio,1.0,1.0
Wed.,29-Mar-17,Washington,L.A. Clippers,1.0,1.0
Wed.,29-Mar-17,Utah,Sacramento,1.0,1.0
Thu.,30-Mar-17,Brooklyn,Detroit,1.0,1.0
Thu.,30-Mar-17,Cleveland,Chicago,1.0,1.0
Thu.,30-Mar-17,L.A. Lakers,Minnesota,1.0,1.0
Thu.,30-Mar-17,L.A. Clippers,Phoenix,1.0,1.0
Thu.,30-Mar-17,Houston,Portland,1.0,1.0
Fri.,31-Mar-17,Indiana,Toronto,1.0,1.0
Fri.,31-Mar-17,Denver,Charlotte,1.0,1.0
Fri.,31-Mar-17,Philadelphia,Cleveland,1.0,1.0
Fri.,31-Mar-17,Orlando,Boston,1.0,1.0
Fri.,31-Mar-17,Detroit,Milwaukee,1.0,1.0
Fri.,31-Mar-17,Dallas,Memphis,1.0,1.0
Fri.,31-Mar-17,Sacramento,New Orleans,1.0,1.0
Fri.,31-Mar-17,New York,Miami,1.0,1.0
Fri.,31-Mar-17,Washington,Utah,1.0,1.0
Fri.,31-Mar-17,San Antonio,Oklahoma City,1.0,1.0
Fri.,31-Mar-17,Houston,Golden State,1.0,1.0
Sat.,1-Apr-17,L.A. Lakers,L.A. Clippers,1.0,1.0
Sat.,1-Apr-17,Atlanta,Chicago,1.0,1.0
Sat.,1-Apr-17,Orlando,Brooklyn,1.0,1.0
Sat.,1-Apr-17,Sacramento,Minnesota,1.0,1.0
Sat.,1-Apr-17,Phoenix,Portland,1.0,1.0
Sun.,2-Apr-17,Charlotte,Oklahoma City,1.0,1.0
Sun.,2-Apr-17,Memphis,L.A. Lakers,1.0,1.0
Sun.,2-Apr-17,Dallas,Milwaukee,1.0,1.0
Sun.,2-Apr-17,Boston,New York,1.0,1.0
Sun.,2-Apr-17,Chicago,New Orleans,1.0,1.0
Sun.,2-Apr-17,Philadelphia,Toronto,1.0,1.0
Sun.,2-Apr-17,Atlanta,Brooklyn,1.0,1.0
Sun.,2-Apr-17,Denver,Miami,1.0,1.0
Sun.,2-Apr-17,Indiana,Cleveland,1.0,1.0
Sun.,2-Apr-17,Utah,San Antonio,1.0,1.0
Sun.,2-Apr-17,Washington,Golden State,1.0,1.0
Sun.,2-Apr-17,Houston,Phoenix,1.0,1.0
Tue.,4-Apr-17,Brooklyn,Philadelphia,1.0,1.0
Tue.,4-Apr-17,Charlotte,Washington,1.0,1.0
Tue.,4-Apr-17,Orlando,Cleveland,1.0,1.0
Tue.,4-Apr-17,Toronto,Indiana,1.0,1.0
Tue.,4-Apr-17,Denver,New Orleans,1.0,1.0
Tue.,4-Apr-17,Milwaukee,Oklahoma City,1.0,1.0
Tue.,4-Apr-17,Chicago,New York,1.0,1.0
Tue.,4-Apr-17,Memphis,San Antonio,1.0,1.0
Tue.,4-Apr-17,Minnesota,Golden State,1.0,1.0
Tue.,4-Apr-17,Dallas,Sacramento,1.0,1.0
Tue.,4-Apr-17,Portland,Utah,1.0,1.0
Wed.,5-Apr-17,Miami,Charlotte,1.0,1.0
Wed.,5-Apr-17,Toronto,Detroit,1.0,1.0
Wed.,5-Apr-17,Oklahoma City,Memphis,1.0,1.0
Wed.,5-Apr-17,Denver,Houston,1.0,1.0
Wed.,5-Apr-17,Cleveland,Boston,1.0,1.0
Wed.,5-Apr-17,L.A. Lakers,San Antonio,1.0,1.0
Wed.,5-Apr-17,Golden State,Phoenix,1.0,1.0
Wed.,5-Apr-17,Dallas,L.A. Clippers,1.0,1.0
Thu.,6-Apr-17,Chicago,Philadelphia,1.0,1.0
Thu.,6-Apr-17,Brooklyn,Orlando,1.0,1.0
Thu.,6-Apr-17,Milwaukee,Indiana,1.0,1.0
Thu.,6-Apr-17,Washington,New York,1.0,1.0
Thu.,6-Apr-17,Boston,Atlanta,1.0,1.0
Thu.,6-Apr-17,Minnesota,Portland,1.0,1.0
Fri.,7-Apr-17,Atlanta,Cleveland,1.0,1.0
Fri.,7-Apr-17,Miami,Toronto,1.0,1.0
Fri.,7-Apr-17,New York,Memphis,1.0,1.0
Fri.,7-Apr-17,Detroit,Houston,1.0,1.0
Fri.,7-Apr-17,San Antonio,Dallas,1.0,1.0
Fri.,7-Apr-17,New Orleans,Denver,1.0,1.0
Fri.,7-Apr-17,Minnesota,Utah,1.0,1.0
Fri.,7-Apr-17,Oklahoma City,Phoenix,1.0,1.0
Fri.,7-Apr-17,Sacramento,L.A. Lakers,1.0,1.0
Sat.,8-Apr-17,Chicago,Brooklyn,1.0,1.0
Sat.,8-Apr-17,Boston,Charlotte,1.0,1.0
Sat.,8-Apr-17,Indiana,Orlando,1.0,1.0
Sat.,8-Apr-17,Milwaukee,Philadelphia,1.0,1.0
Sat.,8-Apr-17,Miami,Washington,1.0,1.0
Sat.,8-Apr-17,L.A. Clippers,San Antonio,1.0,1.0
Sat.,8-Apr-17,Utah,Portland,1.0,1.0
Sat.,8-Apr-17,New Orleans,Golden State,1.0,1.0
Sun.,9-Apr-17,Toronto,New York,1.0,1.0
Sun.,9-Apr-17,Cleveland,Atlanta,1.0,1.0
Sun.,9-Apr-17,Oklahoma City,Denver,1.0,1.0
Sun.,9-Apr-17,Dallas,Phoenix,1.0,1.0
Sun.,9-Apr-17,Houston,Sacramento,1.0,1.0
Sun.,9-Apr-17,Detroit,Memphis,1.0,1.0
Sun.,9-Apr-17,Minnesota,L.A. Lakers,1.0,1.0
Mon.,10-Apr-17,Indiana,Philadelphia,1.0,1.0
Mon.,10-Apr-17,Brooklyn,Boston,1.0,1.0
Mon.,10-Apr-17,Cleveland,Miami,1.0,1.0
Mon.,10-Apr-17,Orlando,Chicago,1.0,1.0
Mon.,10-Apr-17,Charlotte,Milwaukee,1.0,1.0
Mon.,10-Apr-17,Washington,Detroit,1.0,1.0
Mon.,10-Apr-17,San Antonio,Portland,1.0,1.0
Mon.,10-Apr-17,Houston,L.A. Clippers,1.0,1.0
Mon.,10-Apr-17,Utah,Golden State,1.0,1.0
Tue.,11-Apr-17,Charlotte,Atlanta,1.0,1.0
Tue.,11-Apr-17,Oklahoma City,Minnesota,1.0,1.0
Tue.,11-Apr-17,Denver,Dallas,1.0,1.0
Tue.,11-Apr-17,New Orleans,L.A. Lakers,1.0,1.0
Tue.,11-Apr-17,Phoenix,Sacramento,1.0,1.0
Wed.,12-Apr-17,Detroit,Orlando,1.0,1.0
Wed.,12-Apr-17,Toronto,Cleveland,1.0,1.0
Wed.,12-Apr-17,Milwaukee,Boston,1.0,1.0
Wed.,12-Apr-17,Philadelphia,New York,1.0,1.0
Wed.,12-Apr-17,Washington,Miami,1.0,1.0
Wed.,12-Apr-17,Brooklyn,Chicago,1.0,1.0
Wed.,12-Apr-17,Dallas,Memphis,1.0,1.0
Wed.,12-Apr-17,Minnesota,Houston,1.0,1.0
Wed.,12-Apr-17,Denver,Oklahoma City,1.0,1.0
Wed.,12-Apr-17,Atlanta,Indiana,1.0,1.0
Wed.,12-Apr-17,San Antonio,Utah,1.0,1.0
Wed.,12-Apr-17,Sacramento,L.A. Clippers,1.0,1.0
Wed.,12-Apr-17,L.A. Lakers,Golden State,1.0,1.0
Wed.,12-Apr-17,New Orleans,Portland,1.0,1.0
